1,2014-10-18 11:56:36,Doris,Gibson,Alan,Browsecat,Marketing Assistant,(419)382-7753,3498 Nancy Hill,Grand Rapids,MI,49510,gharrison0@jalbum.net
2,2014-10-18 11:56:36,Robert,Martin,Gerald,Eayo,Social Worker,(579)894-0446,20621 Cordelia Center,Los Angeles,CA,90094,mwood1@ebay.com
3,2014-11-26 18:18:11,Christine,Carroll,Helen,Zoomlounge,Biostatistician II,(761)307-9144,042 Magdeline Alley,Tampa,FL,33686,imartin2@usatoday.com
4,2014-07-16 09:54:22,Lawrence,Lawrence,Irene,Gabtune,Actuary,(175)610-5018,37433 Gale Trail,Portland,OR,97255,cperry3@foxnews.com
5,2014-08-18 12:04:18,Eugene,Howell,Henry,Buzzshare,Media Manager II,(940)042-5812,7 Crest Line Drive,Lake Charles,LA,70607,dcrawford4@zdnet.com
6,2014-09-06 13:21:40,Clarence,Scott,Steve,Kamba,Safety Technician II,(796)993-4265,2208 Susan Drive,Baltimore,MD,21281,vmatthews5@wisc.edu
7,2014-12-12 07:42:23,Jane,Williams,Matthew,Twitternation,Help Desk Operator,(152)617-8703,815 Ridgeview Hill,Reading,PA,19605,rallen6@taobao.com
8,2014-07-03 07:49:52,Nicole,Roberts,Robert,Oloo,Recruiter,(804)869-2645,3 Riverside Crossing,New Orleans,LA,70179,lromero7@mozilla.com
9,2014-05-23 04:50:36,Antonio,White,Laura,Vidoo,Financial Advisor,(419)053-4085,13999 Weeping Birch Drive,Kansas City,KS,66160,amarshall8@aol.com
10,2015-01-15 07:08:42,Howard,Carr,Jacqueline,Einti,Staff Accountant I,(843)628-0561,77314 Rutledge Lane,San Diego,CA,92115,eperkins9@mediafire.com
11,2014-11-22 11:24:36,Donald,Jacobs,Ruth,Izio,Chief Design Engineer,(823)356-7009,267 Daystar Point,Fresno,CA,93762,vlarsona@china.com.cn
12,2014-07-27 00:43:06,Dorothy,Lawrence,Lawrence,Oyope,Quality Control Specialist,(456)701-5100,6018 Eastlawn Drive,Brooklyn,NY,11205,hhowellb@webs.com
13,2014-12-30 23:36:59,Wanda,Palmer,Kathleen,Topicstorm,Civil Engineer,(209)693-0458,33 American Ash Court,Buffalo,NY,14215,emoorec@edublogs.org
14,2014-08-26 01:55:07,Richard,Morrison,Timothy,Brightdog,Media Manager IV,(905)365-2454,75085 Memorial Parkway,Round Rock,TX,78682,mpetersd@archive.org
15,2015-03-11 05:14:07,Raymond,Rivera,Brandon,Rooxo,Research Associate,(751)572-3493,22 Waubesa Hill,Seattle,WA,98158,rmillere@msn.com
16,2015-04-10 04:25:24,Lori,Clark,Charles,Jabbersphere,Senior Sales Associate,(995)155-3292,35 Karstens Circle,San Diego,CA,92105,jfowlerf@studiopress.com
17,2014-07-27 17:04:58,Donna,Alvarez,William,Brainsphere,Quality Control Specialist,(586)940-4470,26248 Rowland Crossing,Jacksonville,FL,32277,jpalmerg@house.gov
18,2014-11-15 12:40:38,Marilyn,Stanley,Andrea,Oloo,Office Assistant II,(988)876-9592,6 Ridgeway Hill,Nashville,TN,37220,rdeanh@constantcontact.com
19,2014-12-19 09:51:23,Catherine,Ferguson,Jose,Devpulse,Assistant Professor,(776)599-5399,88 Springs Plaza,Milwaukee,WI,53210,blewisi@google.co.uk
20,2014-10-12 14:03:06,Antonio,Jacobs,Steve,Skivee,Food Chemist,(133)672-3548,191 Becker Circle,Greenville,SC,29605,asmithj@time.com
21,2014-05-26 08:25:57,Jonathan,Nguyen,Gary,Twitterworks,Administrative Assistant III,(073)387-7445,97055 Manley Road,North Las Vegas,NV,89087,bdixonk@wikimedia.org
22,2015-05-05 21:22:41,Theresa,Arnold,Phyllis,Mymm,Compensation Analyst,(571)923-0113,82406 Becker Crossing,Charleston,SC,29416,karnoldl@ifeng.com
23,2014-07-27 22:51:27,Jonathan,Jones,Susan,Yoveo,Accounting Assistant II,(419)382-7753,02540 New Castle Street,Miami,FL,33190,lhudsonm@geocities.com
24,2014-08-02 01:40:45,Jason,Wheeler,Judith,Shufflester,Pharmacist,(579)894-0446,1061 Mayfield Way,Sioux Falls,SD,57110,cwilliamsn@europa.eu
25,2015-05-11 21:01:05,Harry,Allen,Kathleen,Linklinks,Structural Analysis Engineer,(761)307-9144,6420 Algoma Way,Charlotte,NC,28242,aroseo@tinyurl.com
26,2014-11-17 17:42:27,Matthew,Evans,Craig,Zoomdog,Product Engineer,(175)610-5018,20540 Ramsey Hill,Flushing,NY,11388,rreedp@answers.com
27,2015-03-19 09:01:21,Evelyn,Brooks,James,Youopia,Financial Analyst,(940)042-5812,2989 Tony Lane,Shreveport,LA,71151,shamiltonq@bigcartel.com
28,2015-05-13 02:52:50,Norma,Morales,Jonathan,Voonder,Software Engineer II,(796)993-4265,334 Bayside Road,Seattle,WA,98148,jblackr@paypal.com
29,2014-11-17 19:58:19,Ryan,Flores,Ralph,Agivu,Analog Circuit Design manager,(152)617-8703,157 Mallory Hill,Springfield,MA,1114,fhamiltons@gravatar.com
30,2015-03-27 05:42:52,Antonio,Grant,William,Jayo,Analog Circuit Design manager,(804)869-2645,6 Miller Place,Omaha,NE,68110,mflorest@altervista.org
31,2015-01-02 00:45:07,Katherine,Wallace,Rebecca,Photobug,Senior Financial Analyst,(419)053-4085,856 Rutledge Street,Nashville,TN,37240,cgeorgeu@quantcast.com
32,2014-07-01 19:49:45,Edward,Cruz,Justin,Brainlounge,Financial Advisor,(843)628-0561,61 Iowa Court,Reno,NV,89510,jmoralesv@squarespace.com
33,2014-09-10 14:19:27,Helen,Reynolds,Carl,Tagfeed,Desktop Support Technician,(823)356-7009,1 Loomis Trail,Kansas City,MO,64144,drobertsonw@virginia.edu
34,2015-04-05 04:00:45,Evelyn,Simpson,Louise,Browsecat,Librarian,(456)701-5100,2114 Lighthouse Bay Lane,Detroit,MI,48295,jstevensx@google.ca
35,2014-12-17 19:14:47,Raymond,Black,Debra,Plambee,Recruiting Manager,(209)693-0458,09037 Arapahoe Park,Clearwater,FL,34620,jrossy@jugem.jp
36,2015-01-24 16:18:00,Carol,Martinez,Rebecca,Aimbo,Programmer Analyst II,(905)365-2454,21295 Weeping Birch Parkway,Huntington,WV,25705,jhughesz@pen.io
37,2015-03-18 16:43:17,Chris,Willis,Lisa,Quire,Compensation Analyst,(751)572-3493,0404 Service Alley,Saginaw,MI,48609,jwhite10@goo.ne.jp
38,2015-05-15 12:32:52,Steve,Brown,Cynthia,Rooxo,Legal Assistant,(995)155-3292,412 Holy Cross Place,Dayton,OH,45408,thenderson11@multiply.com
39,2015-04-02 05:35:53,Denise,Walker,Harry,Skilith,Statistician IV,(586)940-4470,700 1st Court,Arlington,TX,76016,thudson12@ed.gov
40,2015-01-25 15:03:51,Carl,Evans,Carl,Yakitri,Paralegal,(988)876-9592,1909 Kinsman Pass,Brooklyn,NY,11241,iray13@github.io
41,2014-07-29 05:20:47,Philip,Knight,Donald,Lazz,Marketing Assistant,(776)599-5399,37414 Summer Ridge Circle,Memphis,TN,38181,groberts14@themeforest.net
42,2014-08-19 15:55:16,Steven,Day,Emily,Riffpath,Food Chemist,(133)672-3548,24931 New Castle Place,Kansas City,MO,64199,bpalmer15@disqus.com
43,2014-08-16 07:41:36,Nicholas,Chapman,Nicholas,Twitterworks,Compensation Analyst,(073)387-7445,306 Bay Crossing,Sacramento,CA,94273,rcox16@skyrock.com
44,2014-10-15 19:59:38,Jose,Jackson,Patrick,Browsezoom,Accountant III,(571)923-0113,13099 Summit Plaza,Minneapolis,MN,55417,lhayes17@4shared.com
45,2015-05-05 18:33:42,Christina,Allen,Matthew,Jaxspan,Programmer Analyst IV,(419)382-7753,7043 Dottie Street,Huntsville,AL,35805,rnelson18@google.com
46,2014-09-05 06:53:36,Robert,Miller,Douglas,Jabberbean,Executive Secretary,(579)894-0446,8313 Blue Bill Park Point,Des Moines,IA,50320,jnelson19@amazon.com
47,2014-06-25 15:23:09,Timothy,Daniels,Paul,Linklinks,Associate Professor,(761)307-9144,98988 Fairfield Alley,New York City,NY,10099,sanderson1a@cnet.com
48,2015-01-24 23:06:48,Jennifer,Mitchell,Chris,Realpoint,Cost Accountant,(175)610-5018,464 Continental Hill,Washington,DC,20226,jallen1b@businessinsider.com
49,2015-04-28 19:07:01,James,Morrison,Ruth,Feedfire,Senior Cost Accountant,(940)042-5812,29 Grayhawk Park,Fort Lauderdale,FL,33355,ewillis1c@imgur.com
50,2015-05-16 23:00:18,Pamela,Gilbert,Raymond,Quimm,Assistant Media Planner,(796)993-4265,7 Ridgeway Drive,Dayton,OH,45419,rsimmons1d@dyndns.org
51,2015-04-19 00:20:50,Joyce,Peters,Antonio,Gigazoom,Associate Professor,(152)617-8703,6054 Fairview Hill,Richmond,VA,23237,jthomas1e@xinhuanet.com
52,2014-11-18 21:29:18,Chris,Montgomery,Ashley,Edgepulse,Help Desk Operator,(804)869-2645,5181 Utah Road,Salt Lake City,UT,84130,jlarson1f@friendfeed.com
53,2014-08-03 01:46:48,Pamela,Gonzales,Annie,Cogidoo,Marketing Assistant,(419)053-4085,26803 Barby Street,Seattle,WA,98175,sreyes1g@fastcompany.com
54,2014-11-16 22:09:30,Eric,Henry,Arthur,Photobug,Accountant IV,(843)628-0561,001 Bultman Place,Santa Fe,NM,87505,pthompson1h@e-recht24.de
55,2014-07-22 11:45:52,Joshua,Sanchez,Philip,Skimia,VP Product Management,(823)356-7009,46776 Gina Alley,Jefferson City,MO,65105,hortiz1i@desdev.cn
56,2014-12-28 08:00:43,Jose,Ward,Howard,Twitterbeat,Quality Engineer,(456)701-5100,178 Lighthouse Bay Place,Fullerton,CA,92835,lwebb1j@webeden.co.uk
57,2014-08-04 10:49:58,Annie,Hart,Bruce,Photobean,Nurse Practicioner,(209)693-0458,9390 Columbus Road,Lubbock,TX,79452,jdavis1k@zdnet.com
58,2015-02-06 04:01:40,Joyce,Perkins,Richard,DabZ,Payment Adjustment Coordinator,(905)365-2454,94678 Canary Plaza,Louisville,KY,40205,dwatkins1l@symantec.com
59,2015-02-25 22:12:51,Daniel,Wright,Evelyn,Zoomzone,Chemical Engineer,(751)572-3493,52684 Spohn Hill,Memphis,TN,38136,rgonzalez1m@walmart.com
60,2014-11-13 12:12:54,Cheryl,Reed,Henry,Babbleblab,Information Systems Manager,(995)155-3292,75816 Muir Trail,Portland,OR,97271,jryan1n@berkeley.edu
61,2014-06-17 09:00:40,Jonathan,Porter,Marie,Realfire,GIS Technical Architect,(586)940-4470,67 Monterey Drive,Miami,FL,33124,ahenderson1o@woothemes.com
62,2014-06-01 13:04:04,Emily,Marshall,Mary,Gigashots,Director of Sales,(988)876-9592,65471 Bunting Crossing,Terre Haute,IN,47812,tphillips1p@europa.eu
63,2014-10-15 13:36:52,Benjamin,Watkins,Carol,Zoomzone,Quality Control Specialist,(776)599-5399,9 Drewry Parkway,San Jose,CA,95113,mjames1q@icio.us
64,2014-06-04 08:45:08,Kimberly,Holmes,Gerald,Ntag,Statistician II,(133)672-3548,15 Straubel Drive,Birmingham,AL,35220,mmartinez1r@linkedin.com
65,2014-05-22 16:36:45,Terry,Gonzales,Christina,Plajo,Research Associate,(073)387-7445,518 Knutson Place,Amarillo,TX,79105,jhicks1s@yale.edu
66,2015-05-07 08:40:08,Justin,Harvey,Michelle,Fiveclub,Marketing Manager,(571)923-0113,0 Hallows Lane,Hartford,CT,6152,psnyder1t@wikispaces.com
67,2014-08-28 01:27:56,Peter,Ramos,Judith,Brightdog,Health Coach I,(419)382-7753,2 Bultman Terrace,Pueblo,CO,81005,mnelson1u@eventbrite.com
68,2015-03-14 13:32:35,Sean,Parker,Diana,Flipbug,Software Consultant,(579)894-0446,8 Sachtjen Drive,Columbia,SC,29215,kboyd1v@cnn.com
69,2014-05-31 14:36:41,Clarence,Adams,Chris,Fiveclub,Product Engineer,(761)307-9144,0 Glendale Circle,Young America,MN,55564,canderson1w@shareasale.com
70,2014-12-11 23:50:08,Stephanie,Ross,Willie,Kare,Occupational Therapist,(175)610-5018,58196 Paget Way,Albany,NY,12222,eking1x@usnews.com
71,2014-08-31 14:01:50,Laura,Jenkins,Nicholas,Shuffletag,Product Engineer,(940)042-5812,70518 Corben Junction,Lansing,MI,48930,rgrant1y@nyu.edu
72,2015-01-03 00:39:40,Ruby,Shaw,Ruby,Fivechat,VP Quality Control,(796)993-4265,17 2nd Pass,Cincinnati,OH,45233,rfox1z@bbc.co.uk
73,2015-02-24 08:00:29,Fred,Castillo,Harold,Wordify,Senior Developer,(152)617-8703,2304 Ridgeview Street,Washington,DC,20580,egray20@va.gov
74,2014-10-02 03:11:15,Ruth,Brooks,Pamela,Lazzy,Systems Administrator III,(804)869-2645,110 Schurz Plaza,Philadelphia,PA,19146,lmorales21@etsy.com
75,2015-03-08 05:57:22,Elizabeth,Ferguson,Albert,Midel,Staff Accountant I,(419)053-4085,15 Melby Street,Colorado Springs,CO,80935,ccunningham22@gnu.org
76,2014-05-28 01:29:23,Jennifer,Crawford,Kimberly,Devify,Professor,(843)628-0561,39 Old Gate Parkway,San Jose,CA,95113,smorris23@indiatimes.com
77,2014-05-23 09:23:39,Martin,Andrews,Lillian,Shuffletag,Project Manager,(823)356-7009,6 Sachtjen Trail,Oakland,CA,94622,mruiz24@earthlink.net
78,2015-03-30 01:05:10,Jerry,Davis,Jonathan,Realfire,Nurse,(456)701-5100,3780 Messerschmidt Park,Amarillo,TX,79176,kanderson25@oaic.gov.au
79,2014-08-12 19:06:51,Patrick,Wilson,Russell,Shufflebeat,Health Coach III,(209)693-0458,304 Leroy Court,Houston,TX,77030,smyers26@storify.com
80,2014-07-09 09:33:06,Ronald,Young,Jerry,Pixope,Health Coach III,(905)365-2454,80864 Killdeer Way,Charlotte,NC,28220,jreid27@parallels.com
81,2014-08-10 07:11:20,Richard,Hamilton,Brandon,Jatri,Financial Analyst,(751)572-3493,350 Heffernan Court,Peoria,IL,61656,sstanley28@vkontakte.ru
82,2014-10-20 12:19:44,Judith,Richardson,Pamela,Tekfly,Safety Technician II,(995)155-3292,3 Carey Trail,Saint Paul,MN,55115,krose29@fema.gov
83,2015-04-27 00:15:05,Ronald,Russell,Keith,Centizu,Information Systems Manager,(586)940-4470,2523 Killdeer Drive,Pittsburgh,PA,15274,prodriguez2a@cafepress.com
84,2014-11-15 18:30:45,Judith,Ruiz,Alan,Zoovu,Social Worker,(988)876-9592,3440 Waywood Junction,Washington,DC,20073,jcarter2b@uol.com.br
85,2014-07-06 04:05:07,Lori,Stanley,Daniel,Yamia,Structural Analysis Engineer,(776)599-5399,02832 Fremont Center,Saint Paul,MN,55123,thoward2c@meetup.com
86,2014-09-13 06:47:37,Julie,Nguyen,Harold,Mydeo,Staff Accountant III,(133)672-3548,4 American Ash Plaza,Des Moines,IA,50981,sporter2d@cdbaby.com
87,2014-07-06 06:42:00,Shawn,Pierce,Patricia,Thoughtmix,Compensation Analyst,(073)387-7445,58 Steensland Court,Tampa,FL,33661,tfox2e@plala.or.jp
88,2014-10-13 05:06:57,Martin,Harvey,Jonathan,Muxo,Speech Pathologist,(571)923-0113,77 Ludington Plaza,Kansas City,KS,66105,jdavis2f@uol.com.br
89,2015-01-08 13:01:59,Louise,Hicks,Aaron,Trilith,Data Coordiator,(419)382-7753,78074 Arapahoe Crossing,Baltimore,MD,21282,chanson2g@pinterest.com
90,2014-12-15 09:04:36,Dorothy,Johnston,Wanda,Edgeify,Senior Cost Accountant,(579)894-0446,5158 Schiller Place,Norman,OK,73071,srobinson2h@is.gd
91,2014-12-04 17:57:18,Joshua,Berry,Kathryn,Katz,Human Resources Assistant IV,(761)307-9144,28 Judy Place,Albany,NY,12237,rbanks2i@gravatar.com
92,2015-04-28 06:19:12,Joyce,Johnson,Anthony,Realcube,Help Desk Operator,(175)610-5018,7 Manufacturers Circle,Austin,TX,78715,ldiaz2j@sciencedaily.com
93,2015-01-13 23:49:32,Kevin,Elliott,Margaret,Katz,Electrical Engineer,(940)042-5812,5 Sundown Parkway,Tucson,AZ,85705,wlane2k@twitter.com
94,2014-08-12 14:37:41,Albert,Nichols,Kathy,Oyoyo,Accountant I,(796)993-4265,197 Lakeland Road,Sarasota,FL,34233,irichards2l@house.gov
95,2014-11-21 09:00:23,Catherine,Rice,Christine,Yata,Compensation Analyst,(152)617-8703,60 4th Parkway,Pomona,CA,91797,apalmer2m@answers.com
96,2014-09-20 08:15:20,Carolyn,Hawkins,Christine,Yodoo,Assistant Media Planner,(804)869-2645,43 Raven Place,Huntsville,AL,35815,rlane2n@auda.org.au
97,2014-06-08 17:37:49,Alan,Miller,Kelly,Realmix,Librarian,(419)053-4085,101 Stuart Crossing,Newark,NJ,7112,relliott2o@google.cn
98,2014-11-13 12:23:04,Gerald,Simmons,Clarence,Realbuzz,Mechanical Systems Engineer,(843)628-0561,346 Kinsman Lane,Asheville,NC,28805,naustin2p@omniture.com
99,2015-03-04 21:48:24,Helen,Ward,Johnny,Tagtune,Web Developer I,(823)356-7009,9597 Everett Pass,Tucson,AZ,85737,mbishop2q@telegraph.co.uk
100,2015-02-17 02:18:04,Irene,Reed,Nancy,Zoomdog,Food Chemist,(456)701-5100,015 Luster Center,Chesapeake,VA,23324,nkelley2r@cocolog-nifty.com
101,2015-04-23 21:44:32,Henry,Coleman,Aaron,Gabcube,Quality Control Specialist,(209)693-0458,41 Maywood Park,Richmond,VA,23277,twood2s@about.com
102,2014-08-03 19:10:45,Steve,Owens,Jonathan,Jetwire,Business Systems Development Analyst,(905)365-2454,55 Westridge Circle,Young America,MN,55551,jwatson2t@opera.com
103,2015-03-04 07:47:56,Matthew,Ryan,Justin,Topdrive,Media Manager I,(751)572-3493,9810 Colorado Way,Richmond,CA,94807,jroberts2u@domainmarket.com
104,2014-11-03 17:59:01,Robert,Banks,Phillip,Trilia,Research Nurse,(995)155-3292,6456 Melody Park,Savannah,GA,31422,lcunningham2v@arstechnica.com
105,2015-01-29 15:18:02,Laura,Stone,Christopher,Ailane,Dental Hygienist,(586)940-4470,74 Sachtjen Trail,Brooklyn,NY,11220,hadams2w@reference.com
106,2015-04-12 16:32:40,Jacqueline,Kelly,David,Geba,Database Administrator II,(988)876-9592,6 Redwing Pass,Springfield,IL,62711,jbell2x@prnewswire.com
107,2015-03-11 16:57:55,Ruth,Shaw,Arthur,Zoombeat,Chemical Engineer,(776)599-5399,38 Elka Road,Tallahassee,FL,32399,aprice2y@foxnews.com
108,2014-06-15 07:18:03,Lawrence,Carter,Kelly,Podcat,Engineer III,(133)672-3548,837 Burning Wood Park,El Paso,TX,79928,crussell2z@last.fm
109,2015-04-19 01:49:27,Kathleen,Mccoy,Anthony,Wordtune,Account Representative IV,(073)387-7445,21282 Manitowish Street,Greeley,CO,80638,dwallace30@taobao.com
110,2014-08-20 02:49:15,Timothy,Gomez,Marie,Dynabox,Engineer III,(571)923-0113,2 Del Mar Court,Chicago,IL,60641,rgrant31@bloglovin.com
111,2015-01-02 09:54:04,Brandon,Sullivan,Jose,Jaxspan,Structural Engineer,(419)382-7753,0526 Pierstorff Lane,Jamaica,NY,11431,rgonzalez32@about.com
112,2014-09-08 04:30:19,Charles,Richards,Roger,Twitterlist,Systems Administrator I,(579)894-0446,5 Starling Point,New York City,NY,10155,kaustin33@wikispaces.com
113,2015-05-11 10:44:42,William,Garcia,Matthew,Oyoyo,Budget/Accounting Analyst IV,(761)307-9144,58 Petterle Place,Houston,TX,77060,mgardner34@utexas.edu
114,2015-01-29 12:43:41,Andrea,Little,Christina,Yakitri,Accounting Assistant I,(175)610-5018,93395 Waywood Place,Durham,NC,27705,hgriffin35@soundcloud.com
115,2015-04-16 18:50:58,Jose,Ortiz,Pamela,Browsebug,Software Engineer IV,(940)042-5812,57495 Troy Way,Palmdale,CA,93591,rking36@yahoo.com
116,2015-04-06 08:55:27,Steve,Austin,Doris,Zoombox,Desktop Support Technician,(796)993-4265,9 Cascade Lane,Richmond,VA,23213,jcampbell37@vimeo.com
117,2015-02-14 23:49:51,Gary,Bryant,Douglas,Teklist,Research Associate,(152)617-8703,4627 Hazelcrest Street,San Antonio,TX,78220,dlong38@cam.ac.uk
118,2014-12-30 11:05:16,Phyllis,Gomez,Walter,Twimm,Marketing Manager,(804)869-2645,2390 Pepper Wood Point,Washington,DC,20535,jwalker39@mozilla.org
119,2015-02-13 15:20:30,Susan,Gomez,Christine,Avavee,Geologist II,(419)053-4085,613 Buhler Point,Carol Stream,IL,60351,srobinson3a@pbs.org
120,2014-07-26 04:37:14,Judith,Harper,David,Quimm,Community Outreach Specialist,(843)628-0561,69425 Gale Terrace,Erie,PA,16505,smarshall3b@purevolume.com
121,2014-06-17 04:12:42,Kathleen,Robinson,Judith,Devbug,Software Test Engineer I,(823)356-7009,1418 Troy Circle,Wichita,KS,67220,cbailey3c@alexa.com
122,2014-09-28 16:19:21,Craig,Fox,Michelle,Aivee,Registered Nurse,(456)701-5100,66 Forest Run Place,Bowie,MD,20719,edean3d@addthis.com
123,2015-05-10 00:33:07,James,Carr,Ann,Eadel,Statistician II,(209)693-0458,37 Anniversary Street,Fargo,ND,58106,bclark3e@mashable.com
124,2014-10-08 08:47:35,Jonathan,Elliott,Donna,Gabcube,Financial Advisor,(905)365-2454,58 Lien Pass,Los Angeles,CA,90040,lwarren3f@vinaora.com
125,2014-07-14 21:46:47,Ralph,Watson,Nicole,Latz,Account Representative III,(751)572-3493,89320 Bartelt Alley,Charleston,WV,25362,jsimmons3g@elegantthemes.com
126,2015-03-12 21:18:04,William,Gutierrez,Bobby,Leexo,Senior Financial Analyst,(995)155-3292,768 Alpine Avenue,Wilmington,DE,19892,jstephens3h@soup.io
127,2015-03-09 13:22:25,Rebecca,Edwards,Phyllis,Fatz,GIS Technical Architect,(586)940-4470,23 Mockingbird Plaza,Charleston,SC,29411,ljones3i@i2i.jp
128,2014-06-30 07:00:11,Justin,Kim,Steve,Twinte,Account Coordinator,(988)876-9592,48 Ludington Plaza,Saint Louis,MO,63158,wwells3j@hibu.com
129,2014-09-25 02:55:02,Carl,Cook,Louis,Realfire,Accountant I,(776)599-5399,15 Luster Park,Baltimore,MD,21239,mpeterson3k@digg.com
130,2014-12-07 04:57:15,Louise,Adams,Jerry,Wordware,Technical Writer,(133)672-3548,95 Bunting Plaza,Hartford,CT,6105,dburton3l@is.gd
131,2014-06-21 20:23:17,Debra,Henry,Nicole,Kwilith,Database Administrator III,(073)387-7445,3812 Comanche Way,Detroit,MI,48232,dcampbell3m@psu.edu
132,2015-04-23 07:04:27,Rebecca,Rice,Melissa,Gigazoom,Professor,(571)923-0113,7 Quincy Hill,Charlotte,NC,28230,agrant3n@sun.com
133,2014-12-27 23:10:59,Lisa,Perkins,Brandon,Photobug,Senior Editor,(419)382-7753,35 Corben Crossing,Washington,DC,20430,fgutierrez3o@tripadvisor.com
134,2014-08-30 07:58:56,Cynthia,Roberts,Denise,Rhyzio,Analog Circuit Design manager,(579)894-0446,14 Buhler Place,Irvine,CA,92717,kberry3p@salon.com
135,2014-09-04 13:50:50,Harry,Wright,Donald,Shuffletag,Speech Pathologist,(761)307-9144,90710 Esker Point,Camden,NJ,8104,loliver3q@tiny.cc
136,2014-07-02 14:37:17,Carl,Robinson,Ashley,Eamia,Editor,(175)610-5018,4 Shopko Place,Tuscaloosa,AL,35487,kromero3r@altervista.org
137,2014-06-29 20:14:51,Donald,Anderson,Fred,Tagcat,Marketing Manager,(940)042-5812,97167 Donald Crossing,Naples,FL,33961,wferguson3s@netvibes.com
138,2014-10-23 16:09:52,Emily,Dixon,Jane,Jabberbean,Tax Accountant,(796)993-4265,2 Granby Park,Fort Smith,AR,72916,rfreeman3t@ezinearticles.com
139,2015-05-05 10:20:41,Nicholas,Ross,Michael,Skimia,Professor,(152)617-8703,77188 Darwin Crossing,Stockton,CA,95219,trodriguez3u@moonfruit.com
140,2015-05-14 00:28:38,Patrick,Gordon,Russell,Mydo,Recruiter,(804)869-2645,532 Holy Cross Crossing,Clearwater,FL,34615,jtucker3v@umich.edu
141,2014-08-15 18:53:33,Matthew,Brooks,Ann,Avavee,Analog Circuit Design manager,(419)053-4085,99 Granby Court,New York City,NY,10275,astevens3w@goodreads.com
142,2014-11-22 11:27:44,Douglas,Sims,Amy,Jaxbean,Structural Engineer,(843)628-0561,8 Rieder Junction,Houston,TX,77228,jhunt3x@msn.com
143,2015-03-12 13:22:50,Paul,Reyes,Karen,Oba,Cost Accountant,(823)356-7009,4 Havey Point,Pompano Beach,FL,33075,trice3y@mozilla.org
144,2014-11-07 20:19:28,Chris,Webb,Tammy,Realfire,Actuary,(456)701-5100,46 Sundown Pass,Sacramento,CA,94263,wbrooks3z@pbs.org
145,2014-05-23 22:34:58,Ruth,Rodriguez,Harry,Dabjam,Health Coach II,(209)693-0458,587 International Parkway,Atlanta,GA,31190,kmorgan40@ning.com
146,2015-04-19 18:39:18,Raymond,Hawkins,Donna,Pixope,Data Coordiator,(905)365-2454,53798 David Hill,Charleston,SC,29403,lbishop41@unesco.org
147,2015-03-16 18:58:44,Antonio,Gordon,Cynthia,Vinte,Administrative Officer,(751)572-3493,452 Briar Crest Park,Santa Fe,NM,87505,dcunningham42@is.gd
148,2014-11-27 05:56:43,Ashley,Hunter,Helen,Topicblab,Computer Systems Analyst I,(995)155-3292,0461 Summit Center,Shawnee Mission,KS,66215,cblack43@admin.ch
149,2014-07-03 21:20:30,Annie,Ortiz,Jonathan,Blogtags,Staff Scientist,(586)940-4470,1 Talisman Plaza,Newark,NJ,7188,pmoore44@stanford.edu
150,2014-07-23 23:14:08,Arthur,Campbell,Donald,Browsebug,Paralegal,(988)876-9592,34540 Dapin Point,Arlington,VA,22225,tpayne45@creativecommons.org
151,2015-03-28 15:45:08,Philip,Mills,Douglas,Innotype,Analyst Programmer,(776)599-5399,932 Kenwood Street,Wichita,KS,67205,shughes46@twitpic.com
152,2015-03-09 13:24:46,Howard,Jackson,Joe,Tagchat,Account Representative II,(133)672-3548,6128 Dayton Plaza,Columbia,SC,29208,rperkins47@hhs.gov
153,2014-07-30 03:21:34,Bruce,Freeman,Irene,Oba,Budget/Accounting Analyst III,(073)387-7445,66 Arizona Road,Arlington,VA,22234,psanders48@bing.com
154,2014-07-02 22:43:26,Richard,Fisher,Wanda,Fadeo,Automation Specialist III,(571)923-0113,22 Vahlen Street,Garden Grove,CA,92844,jpierce49@liveinternet.ru
155,2014-10-31 05:59:53,Evelyn,Larson,Gregory,Jabberbean,Civil Engineer,(419)382-7753,9510 Duke Point,Washington,DC,20436,ckim4a@storify.com
156,2014-08-30 21:50:11,Henry,Wright,Jimmy,Devcast,Desktop Support Technician,(579)894-0446,1 Parkside Pass,Corpus Christi,TX,78415,joliver4b@answers.com
157,2014-10-26 11:25:40,Marie,Snyder,Christina,Jamia,Assistant Professor,(761)307-9144,024 Kingsford Center,Austin,TX,78703,wsims4c@printfriendly.com
158,2014-06-07 08:36:09,Mary,Lawrence,Scott,Omba,Account Executive,(175)610-5018,32017 Riverside Center,San Bernardino,CA,92424,krogers4d@ifeng.com
159,2014-07-06 14:54:38,Carol,King,Irene,Gevee,Human Resources Manager,(940)042-5812,5448 Bultman Trail,New York City,NY,10280,bellis4e@pagesperso-orange.fr
160,2015-02-11 04:41:49,Gerald,Baker,Christina,Eayo,Help Desk Technician,(796)993-4265,533 Prairie Rose Pass,New Orleans,LA,70160,ihamilton4f@newsvine.com
161,2015-01-27 10:07:08,Christina,Powell,Doris,Camimbo,Associate Professor,(152)617-8703,33 Annamark Circle,Myrtle Beach,SC,29579,ccole4g@netscape.com
162,2014-07-23 02:30:44,Michelle,Watson,Nicole,Kanoodle,VP Quality Control,(804)869-2645,692 Hanover Park,Green Bay,WI,54313,lfisher4h@ameblo.jp
163,2015-02-10 09:46:54,Judith,Parker,Paula,Riffpath,Accountant II,(419)053-4085,9390 Heffernan Trail,South Bend,IN,46634,wjohnson4i@abc.net.au
164,2014-12-07 01:02:59,Diana,Hunter,Lois,Jaxnation,Health Coach III,(843)628-0561,7 Duke Pass,Wilmington,DE,19805,smurray4j@scribd.com
165,2015-01-10 17:56:31,Chris,Flores,Samuel,Cogilith,Compensation Analyst,(823)356-7009,6 Birchwood Lane,Cincinnati,OH,45271,njordan4k@over-blog.com
166,2014-08-16 22:21:35,Willie,Hudson,Wayne,Avaveo,Quality Control Specialist,(456)701-5100,3 Fairview Center,Philadelphia,PA,19093,jromero4l@barnesandnoble.com
167,2015-02-12 20:22:47,Nicholas,Lane,Billy,Eimbee,Financial Analyst,(209)693-0458,6 Morningstar Place,Baltimore,MD,21203,ccruz4m@jugem.jp
168,2014-11-17 21:29:11,Ruby,Collins,Antonio,Jaxnation,VP Accounting,(905)365-2454,97757 Meadow Ridge Avenue,Humble,TX,77346,jrichards4n@google.cn
169,2014-09-16 21:08:33,Harold,Brown,Anna,Yakijo,Product Engineer,(751)572-3493,8 Hazelcrest Alley,Albany,NY,12232,jsimpson4o@elpais.com
170,2014-08-26 07:53:55,Pamela,Mcdonald,Keith,Viva,Budget/Accounting Analyst II,(995)155-3292,2 Mitchell Place,Boise,ID,83732,mturner4p@marriott.com
171,2014-11-09 13:59:51,Albert,Richards,Carol,Eadel,Tax Accountant,(586)940-4470,8 Golf Road,Sterling,VA,20167,bcunningham4q@zdnet.com
172,2015-05-04 00:24:24,Kimberly,Arnold,Paul,Voonyx,Quality Control Specialist,(988)876-9592,74477 Buena Vista Plaza,Daytona Beach,FL,32128,jwatkins4r@icq.com
173,2015-04-08 04:54:43,Lillian,Edwards,Kenneth,Skibox,Occupational Therapist,(776)599-5399,87154 Boyd Plaza,Houston,TX,77095,mturner4s@hao123.com
174,2015-04-20 04:23:34,Jonathan,Daniels,Robin,Yoveo,Sales Associate,(133)672-3548,278 Bowman Road,Amarillo,TX,79159,emorgan4t@merriam-webster.com
175,2014-10-23 10:12:54,Russell,Stevens,Janice,Realcube,Geological Engineer,(073)387-7445,0483 Dawn Place,Buffalo,NY,14263,ahenderson4u@merriam-webster.com
176,2015-02-07 21:03:27,Jerry,Dixon,Sean,Dabfeed,Legal Assistant,(571)923-0113,85929 Mosinee Plaza,New York City,NY,10165,cmatthews4v@kickstarter.com
177,2014-11-11 18:28:25,Brandon,Bradley,Emily,Realcube,Software Test Engineer III,(419)382-7753,19194 Florence Drive,Boston,MA,2124,bwalker4w@jugem.jp
178,2015-01-20 05:52:30,Pamela,Lynch,Maria,Mydeo,Technical Writer,(579)894-0446,89 Corry Terrace,Norwalk,CT,6854,bmorris4x@umn.edu
179,2014-12-09 13:19:39,Keith,Carter,Alan,Gigaclub,Help Desk Technician,(761)307-9144,63321 Garrison Junction,Moreno Valley,CA,92555,rwood4y@arstechnica.com
180,2015-01-01 08:59:15,Alan,Morris,Louise,Photobean,Research Assistant II,(175)610-5018,227 Toban Circle,Dallas,TX,75310,mramirez4z@reverbnation.com
181,2015-01-03 09:08:21,Daniel,Cooper,Joseph,Edgeclub,Analyst Programmer,(940)042-5812,93565 Florence Trail,Las Vegas,NV,89105,towens50@oakley.com
182,2014-07-26 14:18:24,Harold,Marshall,Julia,Devbug,Editor,(796)993-4265,2 Hallows Lane,Brooklyn,NY,11231,jbarnes51@jimdo.com
183,2014-07-20 23:52:43,Patricia,Ford,Steve,Quire,Accountant IV,(152)617-8703,6631 Judy Street,Houston,TX,77228,lbryant52@admin.ch
184,2014-12-27 08:07:03,Jonathan,Martin,Helen,Blognation,Research Nurse,(804)869-2645,95146 Moose Pass,Tampa,FL,33610,rlawrence53@smugmug.com
185,2014-12-25 12:08:02,Aaron,Kelley,Daniel,Livetube,Assistant Manager,(419)053-4085,7 Morrow Drive,Pittsburgh,PA,15235,mmatthews54@example.com
186,2015-03-01 05:11:43,Wanda,Simpson,Terry,Avaveo,Programmer II,(843)628-0561,77230 Continental Hill,Rochester,NY,14624,wwatson55@harvard.edu
187,2015-01-11 23:54:28,Kathryn,Rivera,Jose,Oyondu,Account Executive,(823)356-7009,2199 Elgar Pass,Houston,TX,77201,dkelly56@webeden.co.uk
188,2014-10-04 21:08:40,Anthony,Griffin,Sarah,Topiclounge,Sales Representative,(456)701-5100,17622 Charing Cross Trail,Milwaukee,WI,53277,lpalmer57@cdc.gov
189,2014-09-23 03:10:03,Margaret,Gordon,Phyllis,Jabbersphere,Human Resources Assistant I,(209)693-0458,4996 Burrows Crossing,Louisville,KY,40256,jromero58@mac.com
190,2014-06-07 14:58:26,Kathy,Davis,Jimmy,Wikido,Senior Quality Engineer,(905)365-2454,5949 Oak Valley Point,Kansas City,KS,66112,whunter59@bluehost.com
191,2015-02-15 11:18:26,Christine,Stephens,Rachel,Divavu,Tax Accountant,(751)572-3493,2 Kensington Court,Washington,DC,20036,halvarez5a@liveinternet.ru
192,2014-10-31 02:07:01,Christine,Nguyen,Bonnie,Avavee,Assistant Professor,(995)155-3292,71 Blaine Court,Alexandria,VA,22313,cbrown5b@chronoengine.com
193,2015-03-28 11:00:17,Kelly,Arnold,Kenneth,DabZ,Engineer III,(586)940-4470,15 Division Parkway,Mesa,AZ,85210,tgutierrez5c@wix.com
194,2015-01-19 10:52:22,Clarence,Gardner,Steven,Browsebug,Data Coordiator,(988)876-9592,6016 Mariners Cove Place,Lexington,KY,40524,rhunt5d@sfgate.com
195,2014-07-22 07:19:51,Johnny,Vasquez,Jessica,Tagopia,Dental Hygienist,(776)599-5399,85 Green Ridge Parkway,Lubbock,TX,79491,jmartin5e@opensource.org
196,2014-09-03 15:58:48,Nancy,Lynch,Craig,Browsezoom,Marketing Manager,(133)672-3548,641 Summit Place,Arlington,VA,22217,flarson5f@hostgator.com
197,2014-09-16 10:25:03,Aaron,Shaw,Ruth,Meeveo,Associate Professor,(073)387-7445,20 Everett Plaza,Knoxville,TN,37939,rmorales5g@dell.com
198,2015-02-25 03:55:34,Jonathan,Anderson,Charles,Flipopia,Software Engineer IV,(571)923-0113,3 Fieldstone Circle,Beaumont,TX,77713,lphillips5h@digg.com
199,2014-07-26 21:25:01,Justin,Wells,Kenneth,Divanoodle,Mechanical Systems Engineer,(419)382-7753,003 Iowa Drive,Los Angeles,CA,90101,palexander5i@washington.edu
200,2014-11-05 01:28:59,Phillip,Williams,Ernest,Voolith,Civil Engineer,(579)894-0446,04036 Parkside Circle,Spokane,WA,99252,jburke5j@parallels.com
201,2015-04-25 23:26:09,Christopher,Schmidt,Brandon,Kanoodle,VP Accounting,(761)307-9144,74 Helena Terrace,Des Moines,IA,50936,wmartinez5k@stumbleupon.com
202,2014-11-15 14:06:25,David,Moreno,Gary,Topdrive,Administrative Officer,(175)610-5018,7 Messerschmidt Pass,Burbank,CA,91520,jlong5l@bing.com
203,2014-06-18 02:49:39,Arthur,Henry,Pamela,Rhybox,Compensation Analyst,(940)042-5812,6806 Union Point,Suffolk,VA,23436,cgarcia5m@technorati.com
204,2015-01-10 14:27:47,Kelly,Montgomery,Antonio,Meezzy,Actuary,(796)993-4265,17945 Oxford Junction,Naples,FL,34102,dromero5n@blogtalkradio.com
205,2014-09-12 10:48:26,Anthony,Williams,Kelly,Photojam,Information Systems Manager,(152)617-8703,72177 Talmadge Parkway,Bozeman,MT,59771,bday5o@salon.com
206,2014-12-10 02:54:01,Marie,Duncan,Andrea,Yozio,Senior Developer,(804)869-2645,635 Mallard Court,Philadelphia,PA,19172,rgreen5p@usda.gov
207,2015-05-11 04:53:14,Jose,Ruiz,Martha,Riffpedia,Systems Administrator IV,(419)053-4085,383 Butterfield Road,Jamaica,NY,11436,tadams5q@whitehouse.gov
208,2014-06-17 03:05:50,Roger,Russell,Michelle,Babbleset,Associate Professor,(843)628-0561,6 Norway Maple Court,Phoenix,AZ,85020,ljackson5r@huffingtonpost.com
209,2015-03-17 16:56:00,Matthew,Evans,Stephen,Quinu,Social Worker,(823)356-7009,39 Kenwood Trail,Omaha,NE,68117,syoung5s@army.mil
210,2015-01-31 15:13:03,Christina,Mendoza,Samuel,Flashpoint,Financial Analyst,(456)701-5100,8128 Karstens Place,New Orleans,LA,70174,jhenderson5t@oakley.com
211,2015-01-22 04:31:53,Pamela,Nguyen,Willie,Demimbu,Sales Representative,(209)693-0458,55548 Debra Drive,Hollywood,FL,33028,ayoung5u@engadget.com
212,2014-06-01 04:30:28,Doris,Cunningham,Juan,Avamm,Database Administrator III,(905)365-2454,838 Coleman Parkway,Saginaw,MI,48609,tortiz5v@businessinsider.com
213,2015-01-05 02:30:27,Douglas,Montgomery,Bruce,Fanoodle,Legal Assistant,(751)572-3493,42 Saint Paul Street,Boston,MA,2203,pknight5w@youtube.com
214,2015-05-07 00:31:46,Walter,Fernandez,Christine,Mycat,Health Coach IV,(995)155-3292,82489 Hovde Circle,Springfield,MO,65810,jarnold5x@sciencedaily.com
215,2015-05-19 19:36:29,Christine,Perry,Ronald,Mynte,Financial Advisor,(586)940-4470,4590 Riverside Court,Dallas,TX,75277,cnelson5y@youtu.be
216,2015-01-21 04:07:34,David,Carpenter,Randy,Vitz,Associate Professor,(988)876-9592,4 Mendota Avenue,Mc Keesport,PA,15134,jward5z@ocn.ne.jp
217,2015-01-07 03:42:44,Judith,Wood,Ruth,DabZ,Environmental Specialist,(776)599-5399,5 Meadow Ridge Terrace,Charlotte,NC,28220,mjohnson60@vimeo.com
218,2014-09-22 21:39:32,Michelle,Grant,Susan,Fivebridge,Budget/Accounting Analyst III,(133)672-3548,46 Prentice Court,Amarillo,TX,79176,rolson61@google.es
219,2014-09-23 17:57:40,Ann,Arnold,Nicholas,Linklinks,Information Systems Manager,(073)387-7445,134 Schmedeman Court,Houston,TX,77218,hevans62@thetimes.co.uk
220,2015-05-10 18:05:58,Donna,Gomez,Andrea,Talane,Senior Financial Analyst,(571)923-0113,8371 Springs Street,Jersey City,NJ,7310,lkelley63@shinystat.com
221,2014-08-20 16:36:47,Nicole,Morgan,Amanda,Aivee,Computer Systems Analyst III,(419)382-7753,9225 3rd Crossing,Washington,DC,20310,aknight64@ezinearticles.com
222,2014-12-07 10:49:10,Bobby,Moreno,Catherine,Gabcube,Structural Engineer,(579)894-0446,74 Erie Pass,Syracuse,NY,13251,rreyes65@opensource.org
223,2014-07-07 16:33:34,Phyllis,Vasquez,Willie,Meemm,Systems Administrator II,(761)307-9144,3815 Randy Way,Raleigh,NC,27621,rwarren66@quantcast.com
224,2014-09-09 09:22:35,Steve,Richardson,Jack,Thoughtbridge,Librarian,(175)610-5018,1 Hallows Court,Washington,DC,20205,lcarter67@theglobeandmail.com
225,2014-06-03 08:11:30,Louis,Burton,Mary,Fadeo,Operator,(940)042-5812,70 Maple Wood Way,Temple,TX,76505,bsmith68@unesco.org
226,2014-05-27 11:30:09,Jerry,Wallace,Ryan,Babbleset,Marketing Assistant,(796)993-4265,0085 Sachs Trail,New Hyde Park,NY,11044,jwelch69@virginia.edu
227,2014-11-14 04:57:16,Nicole,Diaz,Mildred,Topicware,Chemical Engineer,(152)617-8703,5714 Division Avenue,North Port,FL,34290,rwatson6a@quantcast.com
228,2014-09-23 14:12:57,Melissa,Romero,Joe,Zoomzone,Chemical Engineer,(804)869-2645,0446 Anderson Avenue,Boise,ID,83716,rgibson6b@51.la
229,2014-07-29 07:19:40,Brandon,Robinson,Elizabeth,Oodoo,Safety Technician I,(419)053-4085,51267 Macpherson Place,Tacoma,WA,98424,swilliamson6c@spotify.com
230,2014-10-21 23:35:51,Denise,Pierce,Emily,Realblab,Mechanical Systems Engineer,(843)628-0561,175 Rigney Lane,Elmira,NY,14905,bmorgan6d@bloglovin.com
231,2015-04-02 09:09:49,Donald,Arnold,Sandra,Skimia,Civil Engineer,(823)356-7009,36 Melby Way,New York City,NY,10120,bgonzalez6e@lulu.com
232,2014-09-17 02:11:07,Ashley,Williamson,Chris,Eire,Health Coach I,(456)701-5100,597 Raven Road,Savannah,GA,31416,sgarrett6f@123-reg.co.uk
233,2014-10-26 21:59:22,Fred,Henry,Heather,Janyx,Actuary,(209)693-0458,46 Fuller Alley,South Bend,IN,46614,arussell6g@scientificamerican.com
234,2014-12-08 00:50:36,Jane,Moreno,Antonio,Chatterbridge,Health Coach I,(905)365-2454,0 Bashford Circle,San Jose,CA,95123,nlynch6h@ocn.ne.jp
235,2014-07-05 23:26:20,Michael,Martin,Linda,Wikizz,Sales Associate,(751)572-3493,8 Harbort Plaza,Springfield,IL,62794,jgraham6i@canalblog.com
236,2015-03-21 12:24:05,Russell,Weaver,Gregory,Babbleset,Cost Accountant,(995)155-3292,5582 Autumn Leaf Hill,El Paso,TX,79994,chowell6j@prweb.com
237,2014-08-01 04:54:34,Ann,Chapman,Angela,Feedmix,Recruiting Manager,(586)940-4470,0 Tennyson Trail,Nashville,TN,37205,ksnyder6k@weibo.com
238,2015-03-25 13:53:02,Amy,Schmidt,Patrick,Skiba,Executive Secretary,(988)876-9592,6 Bultman Center,New York City,NY,10150,krichards6l@infoseek.co.jp
239,2014-09-14 02:27:47,Karen,Ruiz,Richard,Voolia,Environmental Tech,(776)599-5399,98791 Carioca Alley,Athens,GA,30605,pwells6m@godaddy.com
240,2014-08-14 20:19:19,Tammy,Day,Janet,Dabtype,Environmental Specialist,(133)672-3548,93319 Autumn Leaf Crossing,New Orleans,LA,70116,jsnyder6n@usatoday.com
241,2014-06-10 15:36:58,Harry,Peterson,Justin,Katz,Clinical Specialist,(073)387-7445,25562 Badeau Center,Oklahoma City,OK,73142,rpeters6o@surveymonkey.com
242,2014-07-06 23:42:08,Donna,Day,Jean,Skalith,Design Engineer,(571)923-0113,89992 Declaration Point,Houston,TX,77299,rlewis6p@amazon.de
243,2015-02-01 03:56:32,Cynthia,Mills,Chris,Livetube,General Manager,(419)382-7753,3992 Monument Junction,Syracuse,NY,13205,jreid6q@wikimedia.org
244,2014-08-07 13:45:12,Helen,Wilson,Sara,Meevee,Quality Engineer,(579)894-0446,0133 Meadow Ridge Place,Las Vegas,NV,89178,lwashington6r@youtube.com
245,2015-04-03 12:05:37,Jonathan,Fields,Amanda,Myworks,Nuclear Power Engineer,(761)307-9144,2946 Stephen Lane,Schenectady,NY,12325,jdean6s@netscape.com
246,2014-05-23 20:43:48,Donald,Daniels,Roger,Geba,Associate Professor,(175)610-5018,69 Eliot Point,Humble,TX,77346,sbowman6t@list-manage.com
247,2014-08-03 18:45:17,Douglas,Marshall,Paula,Buzzshare,Safety Technician II,(940)042-5812,9888 Sachtjen Place,Pocatello,ID,83206,acooper6u@cnbc.com
248,2014-10-04 20:48:55,Joe,Webb,Douglas,Trilith,Software Consultant,(796)993-4265,666 Melby Alley,Bakersfield,CA,93305,jbryant6v@aboutads.info
249,2015-03-01 22:45:39,Irene,Rice,Nicholas,Muxo,Design Engineer,(152)617-8703,1 John Wall Point,Winston Salem,NC,27105,scole6w@slideshare.net
250,2015-03-14 02:23:08,Wanda,Lynch,Kathryn,Eabox,Editor,(804)869-2645,9 Cardinal Center,Kansas City,MO,64160,jpowell6x@wordpress.com
251,2014-05-29 00:06:25,Gregory,Gibson,Wanda,Mita,Geological Engineer,(419)053-4085,38648 Lakewood Gardens Road,Alexandria,VA,22333,wlee6y@tmall.com
252,2014-10-08 19:49:25,Jimmy,Mccoy,Heather,Kaymbo,Actuary,(843)628-0561,2219 Bobwhite Avenue,Laurel,MD,20709,jlittle6z@google.cn
253,2014-12-04 21:43:16,Christina,Palmer,Frances,Twinder,Product Engineer,(823)356-7009,591 Lerdahl Plaza,Harrisburg,PA,17110,cbell70@reuters.com
254,2014-10-20 23:55:09,Scott,Miller,Jennifer,Oyoyo,Analog Circuit Design manager,(456)701-5100,766 Lakeland Terrace,Humble,TX,77346,shall71@twitpic.com
255,2014-09-02 09:01:33,Irene,James,Jessica,Topicshots,Financial Advisor,(209)693-0458,3323 Algoma Drive,Palm Bay,FL,32909,kcollins72@scribd.com
256,2015-01-10 11:29:51,Christina,Jenkins,Peter,Skipstorm,Quality Engineer,(905)365-2454,35 Meadow Vale Point,Washington,DC,20520,bhenderson73@wikispaces.com
257,2015-01-08 00:56:30,Doris,Bryant,Philip,Voonix,Compensation Analyst,(751)572-3493,864 Goodland Trail,Oklahoma City,OK,73109,jcox74@bbb.org
258,2014-12-20 12:02:57,Nicole,Gomez,Stephen,Lajo,Sales Associate,(995)155-3292,43524 Darwin Way,Sacramento,CA,94250,greyes75@goo.ne.jp
259,2014-07-07 00:04:11,Paula,Martin,Lillian,Devify,Actuary,(586)940-4470,06667 Nancy Alley,El Paso,TX,79923,jlarson76@is.gd
260,2015-05-03 19:53:36,Lois,Murray,Evelyn,Edgewire,Biostatistician I,(988)876-9592,2 Mosinee Road,Tacoma,WA,98481,hfisher77@paypal.com
261,2015-04-18 20:30:26,Samuel,Wagner,Randy,Fivespan,Engineer IV,(776)599-5399,94911 Dexter Point,Midland,TX,79710,pstephens78@google.co.jp
262,2015-01-13 01:29:51,Wayne,Boyd,Pamela,Kamba,Information Systems Manager,(133)672-3548,51689 Waywood Avenue,Gatesville,TX,76598,lsanders79@scribd.com
263,2014-08-06 05:53:23,Billy,Banks,Lois,Tagcat,Office Assistant I,(073)387-7445,4 Hallows Trail,Salt Lake City,UT,84125,acollins7a@myspace.com
264,2014-12-23 05:08:35,Antonio,Reed,Gloria,Kayveo,Recruiter,(571)923-0113,81161 Rusk Point,Melbourne,FL,32919,bmatthews7b@cnet.com
265,2015-02-02 09:54:05,Anna,Henry,Todd,Jaloo,Mechanical Systems Engineer,(419)382-7753,72095 Everett Circle,Washington,DC,20073,fhudson7c@tuttocitta.it
266,2014-07-23 10:10:29,Keith,Jordan,Brenda,Shuffletag,Community Outreach Specialist,(579)894-0446,3 Roth Street,Lancaster,PA,17622,jjordan7d@indiegogo.com
267,2015-05-04 03:41:54,Carol,Stevens,Ruth,Twinte,Actuary,(761)307-9144,04 Hanson Road,Missoula,MT,59806,aortiz7e@mashable.com
268,2014-09-10 03:56:48,Paul,Henderson,Jennifer,Gabcube,Staff Accountant III,(175)610-5018,4455 Hintze Place,Irving,TX,75037,lhunter7f@webmd.com
269,2015-03-14 11:24:24,Kenneth,Carter,Denise,Dabfeed,Information Systems Manager,(940)042-5812,7999 Dwight Center,Detroit,MI,48295,ccooper7g@merriam-webster.com
270,2015-03-30 09:49:54,Robin,Hart,Amy,Centizu,Engineer II,(796)993-4265,01 Ridge Oak Pass,Oakland,CA,94611,gcox7h@cargocollective.com
271,2014-12-12 21:05:04,Janice,Scott,Deborah,Skilith,Staff Accountant II,(152)617-8703,7 East Court,Austin,TX,78789,rknight7i@psu.edu
272,2014-08-04 06:05:06,Sean,Hanson,Phyllis,Flipbug,Human Resources Manager,(804)869-2645,653 Nova Center,Erie,PA,16505,jrivera7j@go.com
273,2015-02-02 06:13:08,Emily,Castillo,Michelle,Tavu,Compensation Analyst,(419)053-4085,176 Northridge Junction,Rockford,IL,61110,ckennedy7k@oaic.gov.au
274,2015-03-07 02:26:57,Maria,Hicks,Patrick,Thoughtstorm,Senior Developer,(843)628-0561,6819 Everett Plaza,Pittsburgh,PA,15266,dsims7l@dailymotion.com
275,2014-08-29 19:38:20,Alan,Reyes,Philip,Tazzy,Senior Financial Analyst,(823)356-7009,74214 School Trail,Tyler,TX,75705,breed7m@imdb.com
276,2014-06-21 01:23:37,Louise,Reid,Pamela,Edgepulse,Recruiter,(456)701-5100,86507 Manufacturers Place,Denver,CO,80241,bhall7n@thetimes.co.uk
277,2015-04-30 10:59:28,Joseph,Snyder,Alan,Vimbo,Help Desk Technician,(209)693-0458,16 Eagle Crest Pass,Philadelphia,PA,19196,slawson7o@quantcast.com
278,2015-01-25 08:48:01,Julia,Johnston,Gerald,Riffpath,Marketing Assistant,(905)365-2454,372 Heath Park,Shreveport,LA,71166,mrobertson7p@china.com.cn
279,2014-08-07 02:27:21,Steve,Black,Helen,Thoughtmix,Dental Hygienist,(751)572-3493,7559 Northport Place,Baltimore,MD,21281,jrobinson7q@techcrunch.com
280,2014-08-23 19:24:47,Helen,Hill,Irene,Feedfish,Administrative Officer,(995)155-3292,8716 2nd Crossing,Mountain View,CA,94042,rfox7r@github.com
281,2014-10-30 13:47:18,Daniel,Gibson,Henry,Chatterbridge,Physical Therapy Assistant,(586)940-4470,94839 Holmberg Pass,Jackson,TN,38308,cstone7s@eventbrite.com
282,2014-09-14 16:46:46,Terry,Fernandez,Steve,Skipfire,Automation Specialist I,(988)876-9592,17 Loftsgordon Hill,Fort Wayne,IN,46814,swarren7t@washingtonpost.com
283,2014-05-23 23:02:43,Jose,Morrison,Matthew,Zoomcast,Assistant Media Planner,(776)599-5399,47 Anzinger Crossing,Huntington,WV,25770,cthompson7u@skyrock.com
284,2015-02-05 18:10:34,Sarah,Nichols,Robert,Yacero,Recruiter,(133)672-3548,813 Saint Paul Avenue,Knoxville,TN,37995,sfox7v@amazonaws.com
285,2014-07-28 10:06:08,Phyllis,Peterson,Laura,Gigabox,Financial Advisor,(073)387-7445,74 Dexter Terrace,Falls Church,VA,22047,jwilliams7w@phpbb.com
286,2014-08-19 07:20:30,Jimmy,Gonzalez,Jacqueline,Abatz,Geological Engineer,(571)923-0113,024 Packers Center,Las Vegas,NV,89150,jgutierrez7x@squarespace.com
287,2015-03-17 03:16:10,Rachel,Gordon,Ruth,Eabox,Payment Adjustment Coordinator,(419)382-7753,0 Melrose Parkway,El Paso,TX,79989,alee7y@time.com
288,2015-05-19 00:22:12,Bonnie,Rice,Lawrence,Mydeo,Technical Writer,(579)894-0446,105 Sullivan Parkway,New Orleans,LA,70160,hfrazier7z@hexun.com
289,2014-06-01 00:50:57,Kenneth,Hunt,Kathleen,Thoughtstorm,Web Designer II,(761)307-9144,5 4th Pass,Savannah,GA,31405,shill80@chicagotribune.com
290,2014-08-03 09:15:20,Steven,Jones,Timothy,Blogtags,Legal Assistant,(175)610-5018,2659 Westerfield Plaza,Dayton,OH,45432,cmontgomery81@nhs.uk
291,2014-09-07 22:56:31,Jessica,Lewis,Brandon,Katz,Geological Engineer,(940)042-5812,54759 Golden Leaf Point,Indianapolis,IN,46221,wcruz82@infoseek.co.jp
292,2014-05-26 01:15:07,Craig,Marshall,Charles,Skinix,Research Associate,(796)993-4265,1362 Pennsylvania Junction,Young America,MN,55557,ejohnson83@nsw.gov.au
293,2015-04-26 06:10:35,Ruth,Gray,William,Zoomzone,Help Desk Technician,(152)617-8703,1125 Ludington Court,Oceanside,CA,92056,dhill84@wp.com
294,2014-09-19 14:19:14,Charles,Bryant,Andrea,Rooxo,Dental Hygienist,(804)869-2645,31 Fieldstone Crossing,Oxnard,CA,93034,jbradley85@mapy.cz
295,2014-09-15 20:42:45,Kenneth,Lawrence,Jose,Twiyo,Senior Quality Engineer,(419)053-4085,2098 Park Meadow Plaza,Arlington,TX,76011,klane86@wisc.edu
296,2014-12-16 19:22:50,Ernest,Stephens,Steve,Gigaclub,Budget/Accounting Analyst I,(843)628-0561,380 Caliangt Road,Saint Louis,MO,63180,hhoward87@sfgate.com
297,2014-08-04 05:39:42,Brandon,Garcia,Gary,Devify,Assistant Manager,(823)356-7009,1967 Bonner Parkway,Hollywood,FL,33023,spowell88@furl.net
298,2014-09-19 12:35:28,Gary,Daniels,Phyllis,Topdrive,Senior Editor,(456)701-5100,62 Prairie Rose Street,Washington,DC,20404,njenkins89@adobe.com
299,2015-04-20 11:05:37,Pamela,Porter,Susan,Babbleset,VP Product Management,(209)693-0458,64931 Pleasure Hill,San Diego,CA,92110,lfox8a@nsw.gov.au
300,2014-09-23 22:51:39,Antonio,Gonzales,Judith,Eabox,Occupational Therapist,(905)365-2454,1754 Oriole Hill,Charleston,WV,25331,doliver8b@t-online.de
301,2015-01-29 13:14:01,Kelly,Wagner,Kathleen,Tazz,Analog Circuit Design manager,(751)572-3493,50211 Darwin Parkway,Austin,TX,78715,ssimmons8c@google.com.br
302,2015-01-27 23:53:18,Andrea,Daniels,Craig,Brightbean,Compensation Analyst,(995)155-3292,8 Mayer Terrace,Los Angeles,CA,90035,ksims8d@lulu.com
303,2014-07-13 19:48:31,Martha,Lawson,James,Livefish,Desktop Support Technician,(586)940-4470,1454 Nobel Park,Minneapolis,MN,55458,nmiller8e@macromedia.com
304,2015-05-16 03:52:45,Michelle,Brown,Jonathan,Linkbridge,Financial Analyst,(988)876-9592,55955 Melvin Park,San Francisco,CA,94177,tallen8f@diigo.com
305,2015-04-12 04:12:59,Stephen,Castillo,Ralph,Tanoodle,General Manager,(776)599-5399,1012 Clarendon Trail,San Antonio,TX,78225,abryant8g@printfriendly.com
306,2015-01-16 11:33:12,Samuel,Fox,William,Realbridge,Research Nurse,(133)672-3548,220 Leroy Terrace,Salt Lake City,UT,84135,kgonzales8h@about.com
307,2014-07-07 00:40:36,Willie,Perez,Rebecca,Gabtune,Cost Accountant,(073)387-7445,61 Gulseth Drive,Dallas,TX,75353,cgraham8i@toplist.cz
308,2014-06-15 02:14:28,Juan,Wilson,Justin,Riffwire,Social Worker,(571)923-0113,69 Autumn Leaf Alley,Fort Myers,FL,33994,jbutler8j@friendfeed.com
309,2014-08-29 07:28:35,Bruce,Lewis,Carl,Flipbug,Analog Circuit Design manager,(419)382-7753,89856 Ridgeview Plaza,Washington,DC,20530,kramirez8k@smugmug.com
310,2015-02-25 02:45:47,Christine,Coleman,Louise,Brightbean,Assistant Professor,(579)894-0446,714 Muir Drive,Memphis,TN,38188,rbowman8l@soup.io
311,2014-07-28 12:08:13,Ronald,Harris,Debra,Jamia,Chemical Engineer,(761)307-9144,65923 Londonderry Lane,Nashville,TN,37235,awhite8m@friendfeed.com
312,2014-06-05 11:57:18,Randy,Webb,Rebecca,Meezzy,Senior Quality Engineer,(175)610-5018,29612 Tomscot Center,Chattanooga,TN,37405,fwilliams8n@nbcnews.com
313,2014-06-08 22:22:04,Ruth,Williams,Lisa,Avaveo,Staff Accountant I,(940)042-5812,56 8th Pass,El Paso,TX,88589,rwillis8o@edublogs.org
314,2015-01-22 13:47:52,Susan,Burke,Cynthia,Meetz,Quality Control Specialist,(796)993-4265,8 Dorton Trail,Virginia Beach,VA,23454,bgray8p@sogou.com
315,2014-11-26 02:54:24,Nicholas,Vasquez,Harry,Babblestorm,Staff Accountant I,(152)617-8703,9958 Northfield Avenue,Fort Wayne,IN,46857,rsmith8q@nymag.com
316,2014-08-23 19:37:25,Andrea,Spencer,Carl,Eamia,Nuclear Power Engineer,(804)869-2645,0175 Shasta Lane,Fort Lauderdale,FL,33305,mscott8r@cafepress.com
317,2015-04-23 12:19:55,Amanda,James,Donald,Buzzbean,Research Nurse,(419)053-4085,24 Carpenter Avenue,Monticello,MN,55585,wduncan8s@google.de
318,2014-09-30 07:31:07,Catherine,Bryant,Emily,Lajo,Account Executive,(843)628-0561,263 Crownhardt Alley,Bloomington,IN,47405,djenkins8t@sitemeter.com
319,2014-07-07 02:46:16,Willie,Sullivan,Nicholas,Photobean,Recruiter,(823)356-7009,41941 Morning Junction,Dayton,OH,45454,eblack8u@is.gd
320,2014-10-28 12:40:58,Jack,Shaw,Patrick,Livetube,Social Worker,(456)701-5100,672 Golf View Avenue,Richmond,VA,23272,cdean8v@huffingtonpost.com
321,2015-03-08 20:34:12,Mary,Berry,Matthew,Yakidoo,Librarian,(209)693-0458,09 Armistice Point,Tucson,AZ,85754,lmendoza8w@gravatar.com
322,2015-01-24 13:35:39,Ryan,Carr,Douglas,Meeveo,Marketing Manager,(905)365-2454,60 Mockingbird Parkway,Birmingham,AL,35225,agreen8x@thetimes.co.uk
323,2014-05-29 15:40:21,Mildred,Montgomery,Paul,JumpXS,Professor,(751)572-3493,59028 Rockefeller Trail,Berkeley,CA,94705,rreed8y@weibo.com
324,2014-11-03 08:21:18,Joe,Parker,Chris,Kanoodle,Assistant Media Planner,(995)155-3292,29534 Eagle Crest Trail,Littleton,CO,80161,gcole8z@booking.com
325,2014-12-06 12:44:58,Elizabeth,Walker,Ruth,Trilia,Technical Writer,(586)940-4470,2106 Debs Place,Homestead,FL,33034,cbennett90@msu.edu
326,2015-02-13 22:32:42,Emily,Fields,Raymond,Kayveo,Structural Analysis Engineer,(988)876-9592,6 Stuart Street,Washington,DC,20414,jdiaz91@engadget.com
327,2014-12-12 18:46:00,Sandra,Rivera,Antonio,Youspan,Health Coach III,(776)599-5399,7908 Fisk Parkway,Springfield,MO,65805,vwhite92@addthis.com
328,2014-06-19 18:39:03,Chris,Romero,Ashley,Rhynoodle,Business Systems Development Analyst,(133)672-3548,58 Lillian Trail,Jersey City,NJ,7305,jturner93@facebook.com
329,2015-01-10 07:06:41,Heather,Torres,Annie,Shuffledrive,Accounting Assistant II,(073)387-7445,72 Kingsford Lane,Irvine,CA,92619,dwatson94@nps.gov
330,2015-01-22 15:37:06,Antonio,Day,Arthur,Abatz,Senior Financial Analyst,(571)923-0113,8 Carberry Alley,Denver,CO,80262,amontgomery95@sourceforge.net
331,2015-04-22 00:27:03,Linda,Cruz,Philip,Demizz,Project Manager,(419)382-7753,5 Elgar Avenue,Peoria,IL,61605,malexander96@qq.com
332,2014-06-17 09:20:26,Gregory,Cole,Howard,Wordpedia,Nuclear Power Engineer,(579)894-0446,49612 Melby Alley,Akron,OH,44310,kmarshall97@free.fr
333,2014-06-06 18:11:32,Angela,Watson,Bruce,Trunyx,Graphic Designer,(761)307-9144,76160 Gulseth Pass,Orlando,FL,32859,wporter98@fda.gov
334,2014-10-18 10:40:25,Patrick,Vasquez,Richard,Rhycero,VP Quality Control,(175)610-5018,090 Buell Avenue,Ocala,FL,34479,phawkins99@europa.eu
335,2014-10-26 05:07:23,Richard,Marshall,Evelyn,Digitube,Project Manager,(940)042-5812,533 Petterle Trail,Houston,TX,77035,bphillips9a@tumblr.com
336,2014-07-22 22:39:03,Janet,Jones,Henry,Mydo,GIS Technical Architect,(796)993-4265,2760 Duke Drive,Boca Raton,FL,33499,dcole9b@ocn.ne.jp
337,2014-08-15 14:11:35,Justin,Richards,Marie,Kimia,Financial Advisor,(152)617-8703,84 Sauthoff Center,Baton Rouge,LA,70820,sgeorge9c@examiner.com
338,2015-01-07 17:45:14,Jean,Moore,Mary,Voonte,Statistician II,(804)869-2645,4 Doe Crossing Pass,Falls Church,VA,22047,bpalmer9d@msn.com
339,2014-06-28 13:12:30,Chris,Reynolds,Carol,Quatz,Registered Nurse,(419)053-4085,91 Sycamore Road,Canton,OH,44710,aking9e@walmart.com
340,2014-12-20 17:43:55,Sara,Boyd,Gerald,Dynazzy,Accounting Assistant II,(843)628-0561,2 Moose Trail,Mobile,AL,36605,hsanders9f@cargocollective.com
341,2014-11-16 23:25:15,Amanda,Murray,Christina,Centimia,Project Manager,(823)356-7009,21 Judy Crossing,Los Angeles,CA,90094,mjohnston9g@example.com
342,2014-12-17 15:38:04,Roger,Little,Michelle,Dabvine,Registered Nurse,(456)701-5100,09925 Talisman Parkway,Hampton,VA,23663,hmendoza9h@boston.com
343,2014-08-15 11:32:39,Paula,Johnson,Judith,Topiclounge,VP Quality Control,(209)693-0458,7 Village Court,San Antonio,TX,78215,fryan9i@mashable.com
344,2014-05-28 06:09:06,Douglas,Garza,Diana,Edgepulse,Health Coach II,(905)365-2454,4 Del Sol Road,Washington,DC,20067,acruz9j@domainmarket.com
345,2014-09-22 02:18:09,Nicholas,Edwards,Chris,Ailane,Help Desk Operator,(751)572-3493,910 Quincy Parkway,San Antonio,TX,78250,janderson9k@typepad.com
346,2015-05-06 03:32:26,Kathryn,Reid,Willie,Youfeed,Sales Associate,(995)155-3292,9587 Hauk Circle,Largo,FL,33777,cfuller9l@prlog.org
347,2015-03-29 16:32:41,Wanda,Sanders,Nicholas,Dynabox,Editor,(586)940-4470,650 Oxford Point,Daytona Beach,FL,32128,marmstrong9m@blinklist.com
348,2014-09-29 14:45:07,Heather,Fuller,Ruby,Rhycero,Payment Adjustment Coordinator,(988)876-9592,680 Kings Point,Gilbert,AZ,85297,hsanders9n@tripod.com
349,2015-04-13 11:08:38,Frances,Hicks,Harold,Oyonder,Payment Adjustment Coordinator,(776)599-5399,1425 David Plaza,Virginia Beach,VA,23471,dking9o@abc.net.au
350,2014-09-10 14:23:03,Jennifer,Patterson,Pamela,Zoombox,Electrical Engineer,(133)672-3548,79 Lindbergh Plaza,Evansville,IN,47747,dmorris9p@washington.edu
351,2014-10-23 15:51:34,Jessica,Hunt,Albert,Livetube,Account Executive,(073)387-7445,71626 Warbler Place,Albuquerque,NM,87110,cmurray9q@smh.com.au
352,2014-12-13 21:41:44,Peter,Russell,Kimberly,Realcube,Media Manager IV,(571)923-0113,7414 Ramsey Pass,New York City,NY,10125,broberts9r@quantcast.com
353,2014-09-15 15:20:22,Philip,Myers,Lillian,Photolist,Registered Nurse,(419)382-7753,7409 Mcguire Circle,Charlotte,NC,28242,drobinson9s@cyberchimps.com
354,2014-07-26 10:07:05,Stephen,Ford,Jonathan,Divape,VP Sales,(579)894-0446,6577 Dwight Point,Fresno,CA,93740,ehoward9t@privacy.gov.au
355,2014-10-07 14:36:59,Lillian,Lopez,Russell,Thoughtstorm,Graphic Designer,(761)307-9144,1242 Melody Court,Miami,FL,33111,gstone9u@whitehouse.gov
356,2014-10-11 15:11:29,Evelyn,Ellis,Jerry,Flipbug,Sales Associate,(175)610-5018,9698 Sunbrook Way,Newark,NJ,7112,acrawford9v@scientificamerican.com
357,2014-12-31 13:39:08,Randy,Gonzales,Brandon,Quatz,Staff Accountant I,(940)042-5812,06 Northridge Plaza,New York City,NY,10110,pfranklin9w@usgs.gov
358,2015-01-24 16:44:46,Pamela,Brooks,Pamela,Photobug,Staff Accountant I,(796)993-4265,509 Elgar Road,Albuquerque,NM,87201,wfowler9x@parallels.com
359,2015-01-10 08:44:24,Lois,Murray,Keith,Centizu,Product Engineer,(152)617-8703,4290 Rowland Court,Lincoln,NE,68517,gward9y@csmonitor.com
360,2015-03-05 00:35:01,Gloria,Fields,Alan,Oyonder,Compensation Analyst,(804)869-2645,6 Daystar Place,Jamaica,NY,11431,kpierce9z@51.la
361,2014-08-26 02:10:29,Todd,Holmes,Daniel,Plajo,Human Resources Assistant I,(419)053-4085,61009 Katie Crossing,Albuquerque,NM,87115,tharta0@so-net.ne.jp
362,2014-12-16 23:48:46,Brenda,Day,Harold,Dynabox,Accounting Assistant IV,(843)628-0561,970 Arapahoe Way,Birmingham,AL,35263,wlawrencea1@blogs.com
363,2015-02-26 00:39:29,Ruth,Simpson,Patricia,Lazz,Help Desk Technician,(823)356-7009,979 Tomscot Drive,Lexington,KY,40581,showella2@ucsd.edu
364,2014-12-25 08:17:00,Jennifer,Day,Jonathan,Realpoint,Help Desk Operator,(456)701-5100,049 Golden Leaf Way,Albuquerque,NM,87195,jstonea3@yahoo.com
365,2015-04-01 08:17:01,Denise,Riley,Aaron,Rhyloo,Biostatistician IV,(209)693-0458,9 West Avenue,Denver,CO,80279,bchapmana4@gnu.org
366,2014-11-11 05:02:06,Amy,Cruz,Wanda,Blogspan,Office Assistant I,(905)365-2454,2 Fair Oaks Alley,Tulsa,OK,74133,jmarshalla5@blogtalkradio.com
367,2015-03-06 15:33:22,Deborah,Holmes,Kathryn,Bubblemix,Product Engineer,(751)572-3493,2344 Lunder Drive,Washington,DC,20238,cknighta6@sphinn.com
368,2014-10-13 18:32:47,Phyllis,Payne,Anthony,Gabcube,Structural Engineer,(995)155-3292,3331 Corry Court,Memphis,TN,38126,lbutlera7@topsy.com
369,2014-05-22 14:09:37,Michelle,Weaver,Margaret,Feedmix,Graphic Designer,(586)940-4470,08 South Avenue,Abilene,TX,79699,frichardsa8@washington.edu
370,2014-07-15 10:49:43,Patrick,White,Kathy,Zoovu,Assistant Professor,(988)876-9592,88813 Bay Parkway,Las Vegas,NV,89125,jwalkera9@delicious.com
371,2014-08-16 00:42:28,Philip,Berry,Christine,Yozio,Marketing Manager,(776)599-5399,57241 Warrior Crossing,Jamaica,NY,11480,jbradleyaa@e-recht24.de
372,2014-09-14 03:59:28,Pamela,Hudson,Christine,Agivu,Executive Secretary,(133)672-3548,51249 Warner Point,Denver,CO,80243,eduncanab@huffingtonpost.com
373,2014-12-17 21:09:10,Billy,Hawkins,Kelly,Skipfire,Sales Representative,(073)387-7445,54 Bartillon Place,Midland,TX,79705,dramosac@businessinsider.com
374,2015-02-14 00:55:24,Antonio,Cooper,Clarence,Twitterworks,Senior Editor,(571)923-0113,89 Kropf Avenue,Orlando,FL,32808,awilliamsad@ning.com
375,2014-07-20 20:07:58,Brian,Cole,Johnny,BlogXS,Junior Executive,(419)382-7753,60465 Barnett Circle,Kansas City,MO,64193,dcrawfordae@eepurl.com
376,2014-09-09 17:31:44,Phillip,Meyer,Nancy,Oyoloo,Associate Professor,(579)894-0446,184 Brown Plaza,Evansville,IN,47747,ecrawfordaf@wufoo.com
377,2015-03-05 16:14:31,Ruby,Sanchez,Aaron,Dynabox,Executive Secretary,(761)307-9144,72 Dapin Terrace,Albany,NY,12232,mtuckerag@acquirethisname.com
378,2015-03-24 02:33:12,Henry,Greene,Jonathan,Vipe,Registered Nurse,(175)610-5018,434 Trailsway Junction,Sarasota,FL,34233,brobertsah@mit.edu
379,2014-10-25 09:49:36,Rebecca,King,Justin,Nlounge,Systems Administrator IV,(940)042-5812,2848 Fair Oaks Park,Lafayette,LA,70505,kortizai@indiatimes.com
380,2014-07-01 11:27:44,Edward,Russell,Phillip,Mynte,Information Systems Manager,(796)993-4265,8381 Anthes Circle,Evansville,IN,47719,llawsonaj@timesonline.co.uk
381,2015-05-05 11:26:43,Harold,Carroll,Christopher,Brainbox,Physical Therapy Assistant,(152)617-8703,6595 Farragut Pass,Albuquerque,NM,87121,pstevensak@census.gov
382,2014-07-29 06:53:10,Joshua,Morris,David,Devbug,Structural Engineer,(804)869-2645,1 Summer Ridge Drive,Las Vegas,NV,89130,echapmanal@homestead.com
383,2014-08-29 00:59:30,Frank,Harris,Arthur,Npath,Human Resources Assistant III,(419)053-4085,73598 4th Center,Eugene,OR,97405,mbowmanam@exblog.jp
384,2014-06-24 00:05:28,Carlos,Brooks,Kelly,Jamia,Director of Sales,(843)628-0561,71561 Sunfield Place,Trenton,NJ,8608,dpetersonan@amazon.com
385,2015-03-01 14:52:02,Roger,Garcia,Anthony,Eimbee,Analog Circuit Design manager,(823)356-7009,8799 Monica Pass,Philadelphia,PA,19146,tcoleao@ed.gov
386,2014-07-28 09:27:59,Gloria,Crawford,Marie,Chatterbridge,Nurse,(456)701-5100,74894 Petterle Plaza,San Francisco,CA,94154,tberryap@naver.com
387,2014-08-31 21:03:49,Roger,Kim,Jose,Janyx,Research Nurse,(209)693-0458,8 Macpherson Street,Irving,TX,75062,hhallaq@mit.edu
388,2014-11-15 14:57:09,Kelly,Nichols,Roger,Browsezoom,Developer III,(905)365-2454,09 Welch Parkway,Peoria,IL,61614,swashingtonar@is.gd
389,2014-08-14 08:58:47,Howard,Dunn,Matthew,DabZ,Information Systems Manager,(751)572-3493,9 Little Fleur Junction,Saint Augustine,FL,32092,lkennedyas@tumblr.com
390,2014-12-21 11:54:51,Christopher,Berry,Christina,Oyondu,Senior Editor,(995)155-3292,41 Westerfield Junction,Indianapolis,IN,46216,pmeyerat@fotki.com
391,2014-09-29 05:39:34,Arthur,Young,Pamela,Blogtag,Engineer I,(586)940-4470,1 Meadow Ridge Park,Washington,DC,20238,tnguyenau@oaic.gov.au
392,2014-06-29 18:07:58,Earl,Sims,Doris,Rhynyx,Librarian,(988)876-9592,15 Mcbride Parkway,Houston,TX,77266,agrayav@cyberchimps.com
393,2014-09-11 20:59:03,John,Collins,Douglas,Roomm,Biostatistician I,(776)599-5399,1176 International Street,Washington,DC,20046,epriceaw@telegraph.co.uk
394,2014-06-07 20:15:05,Frank,Boyd,Walter,Zoomdog,Environmental Specialist,(133)672-3548,59869 Kings Center,Houston,TX,77075,igibsonax@columbia.edu
395,2014-07-20 17:35:13,Amy,Larson,Christine,Abata,Associate Professor,(073)387-7445,1136 Hauk Crossing,Lexington,KY,40576,mwrightay@nhs.uk
396,2015-03-28 18:15:05,Diana,Chavez,David,Youfeed,Programmer Analyst I,(571)923-0113,169 Coolidge Pass,Gainesville,FL,32627,hbutleraz@spiegel.de
397,2015-05-03 13:09:40,Matthew,Mitchell,Judith,Fivebridge,Project Manager,(419)382-7753,2717 Dawn Avenue,Chicago,IL,60624,bwilliamsb0@sun.com
398,2015-02-16 14:48:18,Arthur,Clark,Michelle,Buzzbean,Administrative Assistant II,(579)894-0446,48296 Rockefeller Road,Oklahoma City,OK,73109,wbarnesb1@nasa.gov
399,2014-11-18 11:29:32,Jennifer,White,Ann,Eimbee,Health Coach IV,(761)307-9144,1208 International Park,Harrisburg,PA,17105,apalmerb2@huffingtonpost.com
400,2015-03-25 21:39:11,James,Smith,Donna,Dazzlesphere,Web Developer II,(175)610-5018,069 Arkansas Place,Atlanta,GA,30328,cweaverb3@goo.ne.jp
401,2014-10-25 11:11:58,Donna,Lynch,Nicole,Npath,Senior Developer,(940)042-5812,31561 Gina Place,Amarillo,TX,79116,dlopezb4@tumblr.com
402,2014-08-13 17:04:23,Frank,Ferguson,Bobby,Voonder,Geologist II,(796)993-4265,00380 Colorado Point,Philadelphia,PA,19131,sfieldsb5@bbb.org
403,2015-04-05 10:44:32,Sandra,Jordan,Phyllis,Avamba,Clinical Specialist,(152)617-8703,50776 Darwin Street,Terre Haute,IN,47812,maustinb6@vinaora.com
404,2014-10-04 18:20:34,Jessica,Fuller,Steve,Realbridge,Product Engineer,(804)869-2645,81015 Nelson Drive,Ridgely,MD,21684,tcarrollb7@phpbb.com
405,2014-10-12 10:04:16,Marilyn,Hawkins,Louis,Lazzy,Geological Engineer,(419)053-4085,548 Mayfield Park,Wichita,KS,67230,rgreeneb8@lycos.com
406,2015-05-19 00:59:37,Juan,Warren,Jerry,Kwimbee,Design Engineer,(843)628-0561,8 Spohn Junction,Huntington,WV,25770,kriceb9@github.com
407,2014-07-29 23:24:58,Jonathan,Anderson,Nicole,Divape,Accounting Assistant III,(823)356-7009,5 Forster Pass,Chicago,IL,60630,mfernandezba@telegraph.co.uk
408,2014-11-29 02:12:58,Antonio,Flores,Melissa,Wordware,Electrical Engineer,(456)701-5100,4360 Merrick Crossing,Oklahoma City,OK,73119,ereyesbb@cbc.ca
409,2014-06-28 23:22:25,Todd,Wells,Brandon,Bluejam,Nuclear Power Engineer,(209)693-0458,782 Pearson Circle,Stockton,CA,95298,mduncanbc@webs.com
410,2014-08-02 23:16:22,Amanda,Evans,Denise,Fadeo,Sales Associate,(905)365-2454,6 Trailsway Trail,Tulsa,OK,74156,thenrybd@wp.com
411,2014-11-24 22:42:38,Adam,Morgan,Donald,Brainsphere,Sales Representative,(751)572-3493,7 Brentwood Parkway,Cincinnati,OH,45296,mburtonbe@goo.gl
412,2014-09-19 00:21:28,Larry,Burke,Ashley,Cogilith,Assistant Professor,(995)155-3292,03235 Mandrake Plaza,Pasadena,CA,91131,mfernandezbf@ftc.gov
413,2014-10-19 21:23:41,Christine,Carr,Fred,Dabshots,Administrative Officer,(586)940-4470,99 Talmadge Court,Pittsburgh,PA,15274,vblackbg@meetup.com
414,2014-08-14 08:41:40,Henry,Berry,Jane,Cogidoo,Statistician I,(988)876-9592,779 Ryan Pass,Warren,OH,44485,bwelchbh@va.gov
415,2014-05-31 04:06:24,Betty,Woods,Michael,Fatz,Developer IV,(776)599-5399,1 Grim Court,Springfield,IL,62711,kmyersbi@gizmodo.com
416,2015-05-09 11:43:38,Juan,Cooper,Russell,Yata,Marketing Manager,(133)672-3548,7619 8th Alley,Dallas,TX,75216,akennedybj@netlog.com
417,2015-03-20 01:35:00,Carolyn,Morrison,Ann,Meembee,Design Engineer,(073)387-7445,41193 Derek Court,Milwaukee,WI,53285,hperezbk@live.com
418,2015-02-25 00:19:34,Matthew,Stone,Amy,Minyx,VP Accounting,(571)923-0113,37 Messerschmidt Hill,West Palm Beach,FL,33421,jcolemanbl@exblog.jp
419,2014-06-09 21:22:23,Thomas,Boyd,Karen,Topiczoom,Actuary,(419)382-7753,6 Butternut Road,Fresno,CA,93762,rnelsonbm@lycos.com
420,2014-11-14 06:46:16,Christine,Mason,Tammy,Thoughtbeat,Account Representative II,(579)894-0446,34 Elka Lane,Portsmouth,NH,214,sshawbn@smh.com.au
421,2014-08-13 03:46:18,Shawn,Carter,Harry,Thoughtbeat,Senior Editor,(761)307-9144,7441 Superior Alley,Hicksville,NY,11854,npetersonbo@eepurl.com
422,2014-06-13 12:24:00,Jesse,Garza,Donna,Omba,Pharmacist,(175)610-5018,347 Dawn Avenue,Young America,MN,55557,mriverabp@google.ca
423,2014-12-27 06:15:04,Virginia,Sanchez,Cynthia,Dynabox,Clinical Specialist,(940)042-5812,042 Dapin Park,Salt Lake City,UT,84105,scolebq@photobucket.com
424,2014-11-09 02:23:38,Martin,Riley,Helen,Agimba,Occupational Therapist,(796)993-4265,413 Artisan Parkway,Milwaukee,WI,53285,dhendersonbr@dedecms.com
425,2015-03-19 03:36:16,Ralph,Burns,Jonathan,Snaptags,Software Test Engineer II,(152)617-8703,6 Algoma Crossing,Carol Stream,IL,60158,wpaynebs@behance.net
426,2015-04-25 12:56:56,David,Elliott,Donald,Einti,Account Executive,(804)869-2645,215 Dayton Crossing,Orlando,FL,32830,lwelchbt@umn.edu
427,2015-03-15 07:39:39,Lillian,Willis,Douglas,Skinder,Media Manager III,(419)053-4085,16 Redwing Street,Washington,DC,20380,jharveybu@symantec.com
428,2014-08-27 12:12:47,Phyllis,Ramos,Joe,Jetpulse,Junior Executive,(843)628-0561,7299 Monterey Way,Honolulu,HI,96805,dwagnerbv@opensource.org
429,2014-11-23 12:45:56,Norma,Frazier,Irene,Gigaclub,Software Consultant,(823)356-7009,70581 Mallard Point,High Point,NC,27264,rlawrencebw@soup.io
430,2015-01-17 19:22:26,Ronald,Rivera,Wanda,Skinix,VP Marketing,(456)701-5100,01 Troy Circle,Phoenix,AZ,85035,aromerobx@whitehouse.gov
431,2015-03-24 05:28:34,Chris,Hughes,Gregory,Topiczoom,Librarian,(209)693-0458,50 Melody Parkway,Greensboro,NC,27415,cpetersonby@merriam-webster.com
432,2015-05-10 18:07:01,Cheryl,Spencer,Jimmy,Skiptube,Human Resources Manager,(905)365-2454,6 Bunting Trail,Pasadena,CA,91125,ghendersonbz@businessinsider.com
433,2015-02-16 23:31:56,Emily,Matthews,Christina,Blogtag,Help Desk Operator,(751)572-3493,081 Birchwood Lane,Grand Rapids,MI,49518,kkelleyc0@qq.com
434,2014-06-13 16:10:54,Margaret,Barnes,Scott,Oloo,Project Manager,(995)155-3292,348 5th Lane,Chicago,IL,60686,kjacksonc1@quantcast.com
435,2014-08-28 05:15:47,Joseph,Austin,Irene,Zoomcast,VP Marketing,(586)940-4470,80 Hauk Parkway,Amarillo,TX,79182,hwhitec2@theglobeandmail.com
436,2014-07-02 12:39:15,Paul,Montgomery,Christina,Oyoba,Geological Engineer,(988)876-9592,97568 Division Junction,Springfield,OH,45505,hreedc3@delicious.com
437,2014-06-22 14:13:13,Benjamin,Brown,Doris,Kazu,Technical Writer,(776)599-5399,6 Memorial Center,Flint,MI,48505,cmarshallc4@51.la
438,2014-09-03 20:58:23,Carlos,Fuller,Nicole,Topicware,Geological Engineer,(133)672-3548,61534 Granby Street,Lexington,KY,40581,hcrawfordc5@china.com.cn
439,2015-03-12 20:09:19,Betty,Lane,Paula,Youfeed,Database Administrator I,(073)387-7445,26335 High Crossing Plaza,New York City,NY,10270,jwilliamsonc6@wired.com
440,2015-04-06 00:47:06,Jimmy,Dean,Lois,Fadeo,Web Designer I,(571)923-0113,24 Garrison Hill,Austin,TX,78744,tlewisc7@biglobe.ne.jp
441,2014-09-09 15:19:10,Jason,Campbell,Samuel,Aibox,Quality Control Specialist,(419)382-7753,306 Pawling Point,San Jose,CA,95108,jmartinc8@imageshack.us
442,2015-03-13 09:59:15,Amy,Anderson,Wayne,Aimbu,Social Worker,(579)894-0446,4644 Ohio Junction,Chattanooga,TN,37405,bbishopc9@springer.com
443,2015-02-27 21:43:59,Kimberly,Young,Billy,Bubblemix,Help Desk Technician,(761)307-9144,233 Maple Road,San Francisco,CA,94116,rbellca@digg.com
444,2015-01-04 06:54:09,Jonathan,Hamilton,Antonio,Abata,Project Manager,(175)610-5018,58 Sloan Crossing,Amarillo,TX,79176,hbutlercb@liveinternet.ru
445,2014-09-08 18:39:25,Bonnie,Evans,Anna,Feedspan,VP Accounting,(940)042-5812,8699 Clarendon Trail,Washington,DC,20525,ralvarezcc@free.fr
446,2015-03-23 17:00:58,Joan,Parker,Keith,Youtags,Structural Engineer,(796)993-4265,84 Oakridge Road,Newport News,VA,23612,jhuntcd@mit.edu
447,2015-01-26 02:26:24,Louis,Alvarez,Carol,Twiyo,Marketing Assistant,(152)617-8703,34 Holy Cross Park,Cleveland,OH,44185,slopezce@mail.ru
448,2014-12-08 14:40:03,Peter,Evans,Paul,Kwinu,Staff Accountant IV,(804)869-2645,34479 Vidon Plaza,Philadelphia,PA,19104,rbrookscf@fema.gov
449,2015-01-22 19:39:17,Christina,Lawson,Kenneth,Realmix,Senior Cost Accountant,(419)053-4085,3709 Graceland Lane,Louisville,KY,40266,mmorenocg@google.pl
450,2015-01-01 15:45:06,Tina,Mcdonald,Robin,Thoughtmix,Statistician IV,(843)628-0561,61438 Cordelia Alley,Salt Lake City,UT,84135,ehendersonch@aboutads.info
451,2014-12-05 13:13:09,Gary,Reyes,Janice,Tagpad,Software Consultant,(823)356-7009,2149 Evergreen Lane,Washington,DC,20337,cmasonci@ask.com
452,2015-04-25 19:35:06,Amanda,Grant,Sean,Flipstorm,GIS Technical Architect,(456)701-5100,93813 Maple Wood Way,Peoria,IL,61640,bclarkcj@elpais.com
453,2014-08-05 17:17:19,Sara,Howell,Emily,Realcube,VP Quality Control,(209)693-0458,5 Dawn Plaza,Baltimore,MD,21239,pfisherck@google.es
454,2014-12-29 09:09:15,Joan,Gordon,Maria,Jaloo,VP Marketing,(905)365-2454,9529 Corry Crossing,Austin,TX,78732,rwelchcl@theglobeandmail.com
455,2015-04-05 02:45:55,Donna,Carpenter,Alan,Babbleopia,Structural Engineer,(751)572-3493,6 4th Parkway,Lake Worth,FL,33462,msullivancm@senate.gov
456,2015-02-15 02:23:53,Anthony,Weaver,Louise,Dynava,Geologist II,(995)155-3292,16173 Trailsway Street,Erie,PA,16565,tsanderscn@google.com.br
457,2014-11-14 05:20:24,Jean,Lynch,Joseph,Cogidoo,Nurse Practicioner,(586)940-4470,49360 Northfield Park,Sacramento,CA,94237,rhamiltonco@guardian.co.uk
458,2014-10-26 13:42:59,Jennifer,Hamilton,Julia,Zoozzy,Account Executive,(988)876-9592,94751 Loeprich Hill,El Paso,TX,88589,jnelsoncp@cdbaby.com
459,2014-12-24 14:03:51,Anthony,Armstrong,Steve,Chatterpoint,Paralegal,(776)599-5399,43 Parkside Place,Philadelphia,PA,19172,lburtoncq@dell.com
460,2014-10-05 17:05:00,Janet,Arnold,Helen,Centidel,Payment Adjustment Coordinator,(133)672-3548,98 Melby Road,Kansas City,KS,66112,bjacobscr@livejournal.com
461,2014-10-19 06:20:40,Susan,Bennett,Daniel,Skiptube,Social Worker,(073)387-7445,769 Muir Pass,Houston,TX,77266,rdixoncs@ustream.tv
462,2015-02-12 20:34:36,John,Hunter,Terry,Twitterlist,Sales Representative,(571)923-0113,6 3rd Parkway,Torrance,CA,90505,dmoorect@adobe.com
463,2014-09-03 03:18:40,Douglas,Snyder,Jose,Zoovu,Assistant Media Planner,(419)382-7753,9998 Duke Park,New York City,NY,10131,slewiscu@geocities.jp
464,2014-12-16 05:24:24,Justin,Fernandez,Sarah,Thoughtmix,Developer II,(579)894-0446,4 Dakota Street,Roanoke,VA,24040,aholmescv@sciencedirect.com
465,2015-02-08 12:05:22,Betty,Ortiz,Phyllis,Einti,Registered Nurse,(761)307-9144,22 Farragut Trail,Greensboro,NC,27415,rmontgomerycw@hubpages.com
466,2014-12-24 18:36:53,Karen,Robinson,Jimmy,Meedoo,Media Manager IV,(175)610-5018,88129 David Alley,Kansas City,MO,64101,swoodcx@shareasale.com
467,2014-12-05 23:38:43,Jane,Lynch,Rachel,Oba,Account Representative IV,(940)042-5812,1889 Bayside Park,Fargo,ND,58106,aburnscy@altervista.org
468,2014-12-24 01:17:43,Harold,Murray,Bonnie,Shufflebeat,Media Manager IV,(796)993-4265,6 Rusk Hill,Dallas,TX,75205,jpiercecz@bbb.org
469,2015-03-25 06:59:41,Justin,Patterson,Kenneth,Avaveo,Internal Auditor,(152)617-8703,916 Elka Park,Lansing,MI,48956,hthomasd0@google.com
470,2015-05-19 23:44:34,Ruby,Shaw,Steven,Skajo,Financial Analyst,(804)869-2645,94 Oak Drive,San Francisco,CA,94105,jlewisd1@hibu.com
471,2014-08-27 05:16:07,Howard,Pierce,Jessica,Skynoodle,Desktop Support Technician,(419)053-4085,23 Chinook Center,Canton,OH,44720,lweaverd2@msu.edu
472,2014-08-15 17:38:41,George,Hamilton,Craig,Jaxbean,Marketing Manager,(843)628-0561,6070 Dwight Hill,Norcross,GA,30092,cryand3@forbes.com
473,2015-01-30 02:18:04,Daniel,Palmer,Ruth,Plambee,Office Assistant II,(823)356-7009,77 Forest Run Alley,Philadelphia,PA,19120,eryand4@zimbio.com
474,2014-08-23 08:27:59,Samuel,Hughes,Charles,Yodo,Teacher,(456)701-5100,945 Buhler Junction,Norfolk,VA,23520,aandersond5@yandex.ru
475,2015-03-03 16:43:28,Sean,Peterson,Kenneth,Flashset,Environmental Tech,(209)693-0458,300 Killdeer Alley,Panama City,FL,32412,thansend6@taobao.com
476,2015-01-12 01:40:00,Marilyn,Burns,Ernest,Skajo,Research Associate,(905)365-2454,91 Myrtle Court,Saint Paul,MN,55127,dkelleyd7@delicious.com
477,2015-02-20 09:36:43,Brian,Mendoza,Brandon,Layo,Recruiter,(751)572-3493,2283 Tennessee Crossing,Huntsville,AL,35815,rwilliamsond8@goo.ne.jp
478,2014-08-31 22:04:28,Helen,Rivera,Gary,Gabspot,Teacher,(995)155-3292,1 Moland Center,Pittsburgh,PA,15266,ameyerd9@surveymonkey.com
479,2015-02-11 18:24:18,Craig,Mills,Pamela,Vidoo,Software Consultant,(586)940-4470,9668 Fairfield Crossing,Missoula,MT,59806,awilsonda@cnbc.com
480,2015-03-27 09:35:43,Jimmy,Vasquez,Antonio,Quimba,Marketing Assistant,(988)876-9592,59752 Bobwhite Park,Fort Wayne,IN,46862,lbryantdb@omniture.com
481,2014-08-16 13:47:08,Larry,Reid,Kelly,Tagpad,Dental Hygienist,(776)599-5399,49 Debs Road,Pittsburgh,PA,15215,kromerodc@yelp.com
482,2014-06-18 09:31:32,Bobby,Reyes,Andrea,Dynabox,Software Test Engineer II,(133)672-3548,42670 7th Center,Chicago,IL,60604,shansendd@ebay.co.uk
483,2014-06-14 13:48:32,Ruby,Foster,Martha,Photojam,Research Associate,(073)387-7445,79255 International Point,Tampa,FL,33633,jolsonde@slate.com
484,2014-10-31 03:08:54,Ruth,Day,Michelle,Realblab,Civil Engineer,(571)923-0113,9024 Lake View Parkway,Tulsa,OK,74103,lwilliamsdf@bloomberg.com
485,2015-04-26 18:23:23,Lawrence,Rice,Stephen,Photobug,Legal Assistant,(419)382-7753,88 Fairfield Junction,Jeffersonville,IN,47134,awatkinsdg@cornell.edu
486,2015-02-26 23:19:04,Joe,James,Samuel,Jaxbean,Accounting Assistant I,(579)894-0446,9 Old Gate Court,Wichita,KS,67210,rcunninghamdh@vimeo.com
487,2014-08-19 05:29:19,Karen,Russell,Willie,Eadel,Desktop Support Technician,(761)307-9144,6846 Westport Hill,Evansville,IN,47719,ctorresdi@xrea.com
488,2015-03-05 02:44:42,Antonio,Jordan,Juan,Devpoint,Design Engineer,(175)610-5018,32062 Old Gate Way,Shreveport,LA,71166,rlanedj@ca.gov
489,2015-03-11 22:35:39,Evelyn,Welch,Bruce,Quimm,Internal Auditor,(940)042-5812,072 Duke Avenue,Washington,DC,20535,awarrendk@cloudflare.com
490,2014-06-30 10:58:29,Robin,Johnston,Christine,Topicware,VP Sales,(796)993-4265,273 Shasta Street,Sacramento,CA,94245,lscottdl@sciencedirect.com
491,2015-02-20 16:21:47,Frances,Wallace,Ronald,Realcube,Dental Hygienist,(152)617-8703,22 David Terrace,Richmond,VA,23203,pcooperdm@uiuc.edu
492,2015-01-02 12:52:26,Jean,Diaz,Randy,Bubbletube,Software Engineer IV,(804)869-2645,06 Kingsford Drive,Kansas City,MO,64144,nwatsondn@bing.com
493,2014-07-11 01:51:34,Amy,Alvarez,Ruth,Realmix,Cost Accountant,(419)053-4085,9 Rieder Way,Portsmouth,NH,214,iromerodo@scientificamerican.com
494,2014-11-30 02:03:33,Fred,Diaz,Susan,Youfeed,Teacher,(843)628-0561,685 2nd Street,Littleton,CO,80126,cgarrettdp@prlog.org
495,2015-04-11 19:34:00,Adam,Turner,Nicholas,Tazz,Actuary,(823)356-7009,08118 Swallow Terrace,San Antonio,TX,78230,djordandq@networkadvertising.org
496,2014-08-19 09:20:00,Shawn,Reid,Andrea,Vinder,Assistant Manager,(456)701-5100,2884 Lakeland Alley,South Bend,IN,46699,pmeyerdr@mapquest.com
497,2014-12-13 19:05:43,Melissa,Stewart,Amanda,Linkbuzz,Budget/Accounting Analyst III,(209)693-0458,71 Crownhardt Pass,Montgomery,AL,36114,bsimmonsds@instagram.com
498,2014-12-22 05:40:08,Peter,Allen,Catherine,Fiveclub,Marketing Assistant,(905)365-2454,369 Merrick Lane,Gastonia,NC,28055,cwheelerdt@toplist.cz
499,2014-12-26 21:29:24,Craig,Tucker,Willie,Jabbertype,Systems Administrator II,(751)572-3493,61 Gina Hill,Marietta,GA,30061,hharrisdu@columbia.edu
500,2014-12-04 19:40:45,Pamela,Porter,Jack,InnoZ,Senior Developer,(995)155-3292,5 Fieldstone Place,Miami,FL,33153,kwellsdv@gravatar.com