1,1,2014-04-03 0:00:00,(419)382-7753,3498 Nancy Hill,Grand Rapids,MI,49510,gharrison0@jalbum.net
2,2,2014-01-13 0:00:00,(579)894-0446,20621 Cordelia Center,Los Angeles,CA,90094,mwood1@ebay.com
3,3,2014-05-31 0:00:00,(761)307-9144,042 Magdeline Alley,Tampa,FL,33686,imartin2@usatoday.com
4,4,2014-04-08 0:00:00,(175)610-5018,37433 Gale Trail,Portland,OR,97255,cperry3@foxnews.com
5,5,2014-03-29 0:00:00,(940)042-5812,7 Crest Line Drive,Lake Charles,LA,70607,dcrawford4@zdnet.com
6,6,2014-03-11 0:00:00,(796)993-4265,2208 Susan Drive,Baltimore,MD,21281,vmatthews5@wisc.edu
7,7,2014-02-11 0:00:00,(152)617-8703,815 Ridgeview Hill,Reading,PA,19605,rallen6@taobao.com
8,8,2014-04-08 0:00:00,(804)869-2645,3 Riverside Crossing,New Orleans,LA,70179,lromero7@mozilla.com
9,9,2014-05-29 0:00:00,(419)053-4085,13999 Weeping Birch Drive,Kansas City,KS,66160,amarshall8@aol.com
10,10,2014-05-11 0:00:00,(843)628-0561,77314 Rutledge Lane,San Diego,CA,92115,eperkins9@mediafire.com
11,11,2014-05-16 0:00:00,(823)356-7009,267 Daystar Point,Fresno,CA,93762,vlarsona@china.com.cn
12,12,2014-04-18 0:00:00,(456)701-5100,6018 Eastlawn Drive,Brooklyn,NY,11205,hhowellb@webs.com
13,13,2014-01-12 0:00:00,(209)693-0458,33 American Ash Court,Buffalo,NY,14215,emoorec@edublogs.org
14,14,2014-02-08 0:00:00,(905)365-2454,75085 Memorial Parkway,Round Rock,TX,78682,mpetersd@archive.org
15,15,2014-02-23 0:00:00,(751)572-3493,22 Waubesa Hill,Seattle,WA,98158,rmillere@msn.com
16,16,2014-02-07 0:00:00,(995)155-3292,35 Karstens Circle,San Diego,CA,92105,jfowlerf@studiopress.com
17,17,2014-04-03 0:00:00,(586)940-4470,26248 Rowland Crossing,Jacksonville,FL,32277,jpalmerg@house.gov
18,18,2014-01-13 0:00:00,(988)876-9592,6 Ridgeway Hill,Nashville,TN,37220,rdeanh@constantcontact.com
19,19,2014-05-31 0:00:00,(776)599-5399,88 Springs Plaza,Milwaukee,WI,53210,blewisi@google.co.uk
20,20,2014-04-08 0:00:00,(133)672-3548,191 Becker Circle,Greenville,SC,29605,asmithj@time.com
21,21,2014-03-29 0:00:00,(073)387-7445,97055 Manley Road,North Las Vegas,NV,89087,bdixonk@wikimedia.org
22,22,2014-03-11 0:00:00,(571)923-0113,82406 Becker Crossing,Charleston,SC,29416,karnoldl@ifeng.com
23,23,2014-02-11 0:00:00,(419)382-7753,02540 New Castle Street,Miami,FL,33190,lhudsonm@geocities.com
24,24,2014-04-08 0:00:00,(579)894-0446,1061 Mayfield Way,Sioux Falls,SD,57110,cwilliamsn@europa.eu
25,25,2014-05-29 0:00:00,(761)307-9144,6420 Algoma Way,Charlotte,NC,28242,aroseo@tinyurl.com
26,26,2014-05-11 0:00:00,(175)610-5018,20540 Ramsey Hill,Flushing,NY,11388,rreedp@answers.com
27,27,2014-05-16 0:00:00,(940)042-5812,2989 Tony Lane,Shreveport,LA,71151,shamiltonq@bigcartel.com
28,28,2014-04-18 0:00:00,(796)993-4265,334 Bayside Road,Seattle,WA,98148,jblackr@paypal.com
29,29,2014-01-12 0:00:00,(152)617-8703,157 Mallory Hill,Springfield,MA,1114,fhamiltons@gravatar.com
30,30,2014-02-08 0:00:00,(804)869-2645,6 Miller Place,Omaha,NE,68110,mflorest@altervista.org
31,31,2014-02-23 0:00:00,(419)053-4085,856 Rutledge Street,Nashville,TN,37240,cgeorgeu@quantcast.com
32,32,2014-02-07 0:00:00,(843)628-0561,61 Iowa Court,Reno,NV,89510,jmoralesv@squarespace.com
33,33,2014-04-03 0:00:00,(823)356-7009,1 Loomis Trail,Kansas City,MO,64144,drobertsonw@virginia.edu
34,34,2014-01-13 0:00:00,(456)701-5100,2114 Lighthouse Bay Lane,Detroit,MI,48295,jstevensx@google.ca
35,35,2014-05-31 0:00:00,(209)693-0458,09037 Arapahoe Park,Clearwater,FL,34620,jrossy@jugem.jp
36,36,2014-04-08 0:00:00,(905)365-2454,21295 Weeping Birch Parkway,Huntington,WV,25705,jhughesz@pen.io
37,37,2014-03-29 0:00:00,(751)572-3493,0404 Service Alley,Saginaw,MI,48609,jwhite10@goo.ne.jp
38,38,2014-03-11 0:00:00,(995)155-3292,412 Holy Cross Place,Dayton,OH,45408,thenderson11@multiply.com
39,39,2014-02-11 0:00:00,(586)940-4470,700 1st Court,Arlington,TX,76016,thudson12@ed.gov
40,40,2014-04-08 0:00:00,(988)876-9592,1909 Kinsman Pass,Brooklyn,NY,11241,iray13@github.io
41,41,2014-05-29 0:00:00,(776)599-5399,37414 Summer Ridge Circle,Memphis,TN,38181,groberts14@themeforest.net
42,42,2014-05-11 0:00:00,(133)672-3548,24931 New Castle Place,Kansas City,MO,64199,bpalmer15@disqus.com
43,43,2014-05-16 0:00:00,(073)387-7445,306 Bay Crossing,Sacramento,CA,94273,rcox16@skyrock.com
44,44,2014-04-18 0:00:00,(571)923-0113,13099 Summit Plaza,Minneapolis,MN,55417,lhayes17@4shared.com
45,45,2014-01-12 0:00:00,(419)382-7753,7043 Dottie Street,Huntsville,AL,35805,rnelson18@google.com
46,46,2014-02-08 0:00:00,(579)894-0446,8313 Blue Bill Park Point,Des Moines,IA,50320,jnelson19@amazon.com
47,47,2014-02-23 0:00:00,(761)307-9144,98988 Fairfield Alley,New York City,NY,10099,sanderson1a@cnet.com
48,48,2014-02-07 0:00:00,(175)610-5018,464 Continental Hill,Washington,DC,20226,jallen1b@businessinsider.com
49,49,2014-04-03 0:00:00,(940)042-5812,29 Grayhawk Park,Fort Lauderdale,FL,33355,ewillis1c@imgur.com
50,50,2014-01-13 0:00:00,(796)993-4265,7 Ridgeway Drive,Dayton,OH,45419,rsimmons1d@dyndns.org
51,51,2014-05-31 0:00:00,(152)617-8703,6054 Fairview Hill,Richmond,VA,23237,jthomas1e@xinhuanet.com
52,52,2014-04-08 0:00:00,(804)869-2645,5181 Utah Road,Salt Lake City,UT,84130,jlarson1f@friendfeed.com
53,53,2014-03-29 0:00:00,(419)053-4085,26803 Barby Street,Seattle,WA,98175,sreyes1g@fastcompany.com
54,54,2014-03-11 0:00:00,(843)628-0561,001 Bultman Place,Santa Fe,NM,87505,pthompson1h@e-recht24.de
55,55,2014-02-11 0:00:00,(823)356-7009,46776 Gina Alley,Jefferson City,MO,65105,hortiz1i@desdev.cn
56,56,2014-04-08 0:00:00,(456)701-5100,178 Lighthouse Bay Place,Fullerton,CA,92835,lwebb1j@webeden.co.uk
57,57,2014-05-29 0:00:00,(209)693-0458,9390 Columbus Road,Lubbock,TX,79452,jdavis1k@zdnet.com
58,58,2014-05-11 0:00:00,(905)365-2454,94678 Canary Plaza,Louisville,KY,40205,dwatkins1l@symantec.com
59,59,2014-05-16 0:00:00,(751)572-3493,52684 Spohn Hill,Memphis,TN,38136,rgonzalez1m@walmart.com
60,60,2014-04-18 0:00:00,(995)155-3292,75816 Muir Trail,Portland,OR,97271,jryan1n@berkeley.edu
61,61,2014-01-12 0:00:00,(586)940-4470,67 Monterey Drive,Miami,FL,33124,ahenderson1o@woothemes.com
62,62,2014-02-08 0:00:00,(988)876-9592,65471 Bunting Crossing,Terre Haute,IN,47812,tphillips1p@europa.eu
63,63,2014-02-23 0:00:00,(776)599-5399,9 Drewry Parkway,San Jose,CA,95113,mjames1q@icio.us
64,64,2014-02-07 0:00:00,(133)672-3548,15 Straubel Drive,Birmingham,AL,35220,mmartinez1r@linkedin.com
65,65,2014-04-03 0:00:00,(073)387-7445,518 Knutson Place,Amarillo,TX,79105,jhicks1s@yale.edu
66,66,2014-01-13 0:00:00,(571)923-0113,0 Hallows Lane,Hartford,CT,6152,psnyder1t@wikispaces.com
67,67,2014-05-31 0:00:00,(419)382-7753,2 Bultman Terrace,Pueblo,CO,81005,mnelson1u@eventbrite.com
68,68,2014-04-08 0:00:00,(579)894-0446,8 Sachtjen Drive,Columbia,SC,29215,kboyd1v@cnn.com
69,69,2014-03-29 0:00:00,(761)307-9144,0 Glendale Circle,Young America,MN,55564,canderson1w@shareasale.com
70,70,2014-03-11 0:00:00,(175)610-5018,58196 Paget Way,Albany,NY,12222,eking1x@usnews.com
71,71,2014-02-11 0:00:00,(940)042-5812,70518 Corben Junction,Lansing,MI,48930,rgrant1y@nyu.edu
72,72,2014-04-08 0:00:00,(796)993-4265,17 2nd Pass,Cincinnati,OH,45233,rfox1z@bbc.co.uk
73,73,2014-05-29 0:00:00,(152)617-8703,2304 Ridgeview Street,Washington,DC,20580,egray20@va.gov
74,74,2014-05-11 0:00:00,(804)869-2645,110 Schurz Plaza,Philadelphia,PA,19146,lmorales21@etsy.com
75,75,2014-05-16 0:00:00,(419)053-4085,15 Melby Street,Colorado Springs,CO,80935,ccunningham22@gnu.org
76,76,2014-04-18 0:00:00,(843)628-0561,39 Old Gate Parkway,San Jose,CA,95113,smorris23@indiatimes.com
77,77,2014-01-12 0:00:00,(823)356-7009,6 Sachtjen Trail,Oakland,CA,94622,mruiz24@earthlink.net
78,78,2014-02-08 0:00:00,(456)701-5100,3780 Messerschmidt Park,Amarillo,TX,79176,kanderson25@oaic.gov.au
79,79,2014-02-23 0:00:00,(209)693-0458,304 Leroy Court,Houston,TX,77030,smyers26@storify.com
80,80,2014-02-07 0:00:00,(905)365-2454,80864 Killdeer Way,Charlotte,NC,28220,jreid27@parallels.com
81,81,2014-04-03 0:00:00,(751)572-3493,350 Heffernan Court,Peoria,IL,61656,sstanley28@vkontakte.ru
82,82,2014-01-13 0:00:00,(995)155-3292,3 Carey Trail,Saint Paul,MN,55115,krose29@fema.gov
83,83,2014-05-31 0:00:00,(586)940-4470,2523 Killdeer Drive,Pittsburgh,PA,15274,prodriguez2a@cafepress.com
84,84,2014-04-08 0:00:00,(988)876-9592,3440 Waywood Junction,Washington,DC,20073,jcarter2b@uol.com.br
85,85,2014-03-29 0:00:00,(776)599-5399,02832 Fremont Center,Saint Paul,MN,55123,thoward2c@meetup.com
86,86,2014-03-11 0:00:00,(133)672-3548,4 American Ash Plaza,Des Moines,IA,50981,sporter2d@cdbaby.com
87,87,2014-02-11 0:00:00,(073)387-7445,58 Steensland Court,Tampa,FL,33661,tfox2e@plala.or.jp
88,88,2014-04-08 0:00:00,(571)923-0113,77 Ludington Plaza,Kansas City,KS,66105,jdavis2f@uol.com.br
89,89,2014-05-29 0:00:00,(419)382-7753,78074 Arapahoe Crossing,Baltimore,MD,21282,chanson2g@pinterest.com
90,90,2014-05-11 0:00:00,(579)894-0446,5158 Schiller Place,Norman,OK,73071,srobinson2h@is.gd
91,91,2014-05-16 0:00:00,(761)307-9144,28 Judy Place,Albany,NY,12237,rbanks2i@gravatar.com
92,92,2014-04-18 0:00:00,(175)610-5018,7 Manufacturers Circle,Austin,TX,78715,ldiaz2j@sciencedaily.com
93,93,2014-01-12 0:00:00,(940)042-5812,5 Sundown Parkway,Tucson,AZ,85705,wlane2k@twitter.com
94,94,2014-02-08 0:00:00,(796)993-4265,197 Lakeland Road,Sarasota,FL,34233,irichards2l@house.gov
95,95,2014-02-23 0:00:00,(152)617-8703,60 4th Parkway,Pomona,CA,91797,apalmer2m@answers.com
96,96,2014-02-07 0:00:00,(804)869-2645,43 Raven Place,Huntsville,AL,35815,rlane2n@auda.org.au
97,97,2014-04-03 0:00:00,(419)053-4085,101 Stuart Crossing,Newark,NJ,7112,relliott2o@google.cn
98,98,2014-01-13 0:00:00,(843)628-0561,346 Kinsman Lane,Asheville,NC,28805,naustin2p@omniture.com
99,99,2014-05-31 0:00:00,(823)356-7009,9597 Everett Pass,Tucson,AZ,85737,mbishop2q@telegraph.co.uk
100,100,2014-04-08 0:00:00,(456)701-5100,015 Luster Center,Chesapeake,VA,23324,nkelley2r@cocolog-nifty.com
101,101,2014-03-29 0:00:00,(209)693-0458,41 Maywood Park,Richmond,VA,23277,twood2s@about.com
102,102,2014-03-11 0:00:00,(905)365-2454,55 Westridge Circle,Young America,MN,55551,jwatson2t@opera.com
103,103,2014-02-11 0:00:00,(751)572-3493,9810 Colorado Way,Richmond,CA,94807,jroberts2u@domainmarket.com
104,104,2014-04-08 0:00:00,(995)155-3292,6456 Melody Park,Savannah,GA,31422,lcunningham2v@arstechnica.com
105,105,2014-05-29 0:00:00,(586)940-4470,74 Sachtjen Trail,Brooklyn,NY,11220,hadams2w@reference.com
106,106,2014-05-11 0:00:00,(988)876-9592,6 Redwing Pass,Springfield,IL,62711,jbell2x@prnewswire.com
107,107,2014-05-16 0:00:00,(776)599-5399,38 Elka Road,Tallahassee,FL,32399,aprice2y@foxnews.com
108,108,2014-04-18 0:00:00,(133)672-3548,837 Burning Wood Park,El Paso,TX,79928,crussell2z@last.fm
109,109,2014-01-12 0:00:00,(073)387-7445,21282 Manitowish Street,Greeley,CO,80638,dwallace30@taobao.com
110,110,2014-02-08 0:00:00,(571)923-0113,2 Del Mar Court,Chicago,IL,60641,rgrant31@bloglovin.com
111,111,2014-02-23 0:00:00,(419)382-7753,0526 Pierstorff Lane,Jamaica,NY,11431,rgonzalez32@about.com
112,112,2014-02-07 0:00:00,(579)894-0446,5 Starling Point,New York City,NY,10155,kaustin33@wikispaces.com
113,113,2014-04-03 0:00:00,(761)307-9144,58 Petterle Place,Houston,TX,77060,mgardner34@utexas.edu
114,114,2014-01-13 0:00:00,(175)610-5018,93395 Waywood Place,Durham,NC,27705,hgriffin35@soundcloud.com
115,115,2014-05-31 0:00:00,(940)042-5812,57495 Troy Way,Palmdale,CA,93591,rking36@yahoo.com
116,116,2014-04-08 0:00:00,(796)993-4265,9 Cascade Lane,Richmond,VA,23213,jcampbell37@vimeo.com
117,117,2014-03-29 0:00:00,(152)617-8703,4627 Hazelcrest Street,San Antonio,TX,78220,dlong38@cam.ac.uk
118,118,2014-03-11 0:00:00,(804)869-2645,2390 Pepper Wood Point,Washington,DC,20535,jwalker39@mozilla.org
119,119,2014-02-11 0:00:00,(419)053-4085,613 Buhler Point,Carol Stream,IL,60351,srobinson3a@pbs.org
120,120,2014-04-08 0:00:00,(843)628-0561,69425 Gale Terrace,Erie,PA,16505,smarshall3b@purevolume.com
121,121,2014-05-29 0:00:00,(823)356-7009,1418 Troy Circle,Wichita,KS,67220,cbailey3c@alexa.com
122,122,2014-05-11 0:00:00,(456)701-5100,66 Forest Run Place,Bowie,MD,20719,edean3d@addthis.com
123,123,2014-05-16 0:00:00,(209)693-0458,37 Anniversary Street,Fargo,ND,58106,bclark3e@mashable.com
124,124,2014-04-18 0:00:00,(905)365-2454,58 Lien Pass,Los Angeles,CA,90040,lwarren3f@vinaora.com
125,125,2014-01-12 0:00:00,(751)572-3493,89320 Bartelt Alley,Charleston,WV,25362,jsimmons3g@elegantthemes.com
126,126,2014-02-08 0:00:00,(995)155-3292,768 Alpine Avenue,Wilmington,DE,19892,jstephens3h@soup.io
127,127,2014-02-23 0:00:00,(586)940-4470,23 Mockingbird Plaza,Charleston,SC,29411,ljones3i@i2i.jp
128,128,2014-02-07 0:00:00,(988)876-9592,48 Ludington Plaza,Saint Louis,MO,63158,wwells3j@hibu.com
129,129,2014-04-03 0:00:00,(776)599-5399,15 Luster Park,Baltimore,MD,21239,mpeterson3k@digg.com
130,130,2014-01-13 0:00:00,(133)672-3548,95 Bunting Plaza,Hartford,CT,6105,dburton3l@is.gd
131,131,2014-05-31 0:00:00,(073)387-7445,3812 Comanche Way,Detroit,MI,48232,dcampbell3m@psu.edu
132,132,2014-04-08 0:00:00,(571)923-0113,7 Quincy Hill,Charlotte,NC,28230,agrant3n@sun.com
133,133,2014-03-29 0:00:00,(419)382-7753,35 Corben Crossing,Washington,DC,20430,fgutierrez3o@tripadvisor.com
134,134,2014-03-11 0:00:00,(579)894-0446,14 Buhler Place,Irvine,CA,92717,kberry3p@salon.com
135,135,2014-02-11 0:00:00,(761)307-9144,90710 Esker Point,Camden,NJ,8104,loliver3q@tiny.cc
136,136,2014-04-08 0:00:00,(175)610-5018,4 Shopko Place,Tuscaloosa,AL,35487,kromero3r@altervista.org
137,137,2014-05-29 0:00:00,(940)042-5812,97167 Donald Crossing,Naples,FL,33961,wferguson3s@netvibes.com
138,138,2014-05-11 0:00:00,(796)993-4265,2 Granby Park,Fort Smith,AR,72916,rfreeman3t@ezinearticles.com
139,139,2014-05-16 0:00:00,(152)617-8703,77188 Darwin Crossing,Stockton,CA,95219,trodriguez3u@moonfruit.com
140,140,2014-04-18 0:00:00,(804)869-2645,532 Holy Cross Crossing,Clearwater,FL,34615,jtucker3v@umich.edu
141,141,2014-01-12 0:00:00,(419)053-4085,99 Granby Court,New York City,NY,10275,astevens3w@goodreads.com
142,142,2014-02-08 0:00:00,(843)628-0561,8 Rieder Junction,Houston,TX,77228,jhunt3x@msn.com
143,143,2014-02-23 0:00:00,(823)356-7009,4 Havey Point,Pompano Beach,FL,33075,trice3y@mozilla.org
144,144,2014-02-07 0:00:00,(456)701-5100,46 Sundown Pass,Sacramento,CA,94263,wbrooks3z@pbs.org
145,145,2014-04-03 0:00:00,(209)693-0458,587 International Parkway,Atlanta,GA,31190,kmorgan40@ning.com
146,146,2014-01-13 0:00:00,(905)365-2454,53798 David Hill,Charleston,SC,29403,lbishop41@unesco.org
147,147,2014-05-31 0:00:00,(751)572-3493,452 Briar Crest Park,Santa Fe,NM,87505,dcunningham42@is.gd
148,148,2014-04-08 0:00:00,(995)155-3292,0461 Summit Center,Shawnee Mission,KS,66215,cblack43@admin.ch
149,149,2014-03-29 0:00:00,(586)940-4470,1 Talisman Plaza,Newark,NJ,7188,pmoore44@stanford.edu
150,150,2014-03-11 0:00:00,(988)876-9592,34540 Dapin Point,Arlington,VA,22225,tpayne45@creativecommons.org
151,151,2014-02-11 0:00:00,(776)599-5399,932 Kenwood Street,Wichita,KS,67205,shughes46@twitpic.com
152,152,2014-04-08 0:00:00,(133)672-3548,6128 Dayton Plaza,Columbia,SC,29208,rperkins47@hhs.gov
153,153,2014-05-29 0:00:00,(073)387-7445,66 Arizona Road,Arlington,VA,22234,psanders48@bing.com
154,154,2014-05-11 0:00:00,(571)923-0113,22 Vahlen Street,Garden Grove,CA,92844,jpierce49@liveinternet.ru
155,155,2014-05-16 0:00:00,(419)382-7753,9510 Duke Point,Washington,DC,20436,ckim4a@storify.com
156,156,2014-04-18 0:00:00,(579)894-0446,1 Parkside Pass,Corpus Christi,TX,78415,joliver4b@answers.com
157,157,2014-01-12 0:00:00,(761)307-9144,024 Kingsford Center,Austin,TX,78703,wsims4c@printfriendly.com
158,158,2014-02-08 0:00:00,(175)610-5018,32017 Riverside Center,San Bernardino,CA,92424,krogers4d@ifeng.com
159,159,2014-02-23 0:00:00,(940)042-5812,5448 Bultman Trail,New York City,NY,10280,bellis4e@pagesperso-orange.fr
160,160,2014-02-07 0:00:00,(796)993-4265,533 Prairie Rose Pass,New Orleans,LA,70160,ihamilton4f@newsvine.com
161,161,2014-04-03 0:00:00,(152)617-8703,33 Annamark Circle,Myrtle Beach,SC,29579,ccole4g@netscape.com
162,162,2014-01-13 0:00:00,(804)869-2645,692 Hanover Park,Green Bay,WI,54313,lfisher4h@ameblo.jp
163,163,2014-05-31 0:00:00,(419)053-4085,9390 Heffernan Trail,South Bend,IN,46634,wjohnson4i@abc.net.au
164,164,2014-04-08 0:00:00,(843)628-0561,7 Duke Pass,Wilmington,DE,19805,smurray4j@scribd.com
165,165,2014-03-29 0:00:00,(823)356-7009,6 Birchwood Lane,Cincinnati,OH,45271,njordan4k@over-blog.com
166,166,2014-03-11 0:00:00,(456)701-5100,3 Fairview Center,Philadelphia,PA,19093,jromero4l@barnesandnoble.com
167,167,2014-02-11 0:00:00,(209)693-0458,6 Morningstar Place,Baltimore,MD,21203,ccruz4m@jugem.jp
168,168,2014-04-08 0:00:00,(905)365-2454,97757 Meadow Ridge Avenue,Humble,TX,77346,jrichards4n@google.cn
169,169,2014-05-29 0:00:00,(751)572-3493,8 Hazelcrest Alley,Albany,NY,12232,jsimpson4o@elpais.com
170,170,2014-05-11 0:00:00,(995)155-3292,2 Mitchell Place,Boise,ID,83732,mturner4p@marriott.com
171,171,2014-05-16 0:00:00,(586)940-4470,8 Golf Road,Sterling,VA,20167,bcunningham4q@zdnet.com
172,172,2014-04-18 0:00:00,(988)876-9592,74477 Buena Vista Plaza,Daytona Beach,FL,32128,jwatkins4r@icq.com
173,173,2014-01-12 0:00:00,(776)599-5399,87154 Boyd Plaza,Houston,TX,77095,mturner4s@hao123.com
174,174,2014-02-08 0:00:00,(133)672-3548,278 Bowman Road,Amarillo,TX,79159,emorgan4t@merriam-webster.com
175,175,2014-02-23 0:00:00,(073)387-7445,0483 Dawn Place,Buffalo,NY,14263,ahenderson4u@merriam-webster.com
176,176,2014-02-07 0:00:00,(571)923-0113,85929 Mosinee Plaza,New York City,NY,10165,cmatthews4v@kickstarter.com
177,177,2014-04-03 0:00:00,(419)382-7753,19194 Florence Drive,Boston,MA,2124,bwalker4w@jugem.jp
178,178,2014-01-13 0:00:00,(579)894-0446,89 Corry Terrace,Norwalk,CT,6854,bmorris4x@umn.edu
179,179,2014-05-31 0:00:00,(761)307-9144,63321 Garrison Junction,Moreno Valley,CA,92555,rwood4y@arstechnica.com
180,180,2014-04-08 0:00:00,(175)610-5018,227 Toban Circle,Dallas,TX,75310,mramirez4z@reverbnation.com
181,181,2014-03-29 0:00:00,(940)042-5812,93565 Florence Trail,Las Vegas,NV,89105,towens50@oakley.com
182,182,2014-03-11 0:00:00,(796)993-4265,2 Hallows Lane,Brooklyn,NY,11231,jbarnes51@jimdo.com
183,183,2014-02-11 0:00:00,(152)617-8703,6631 Judy Street,Houston,TX,77228,lbryant52@admin.ch
184,184,2014-04-08 0:00:00,(804)869-2645,95146 Moose Pass,Tampa,FL,33610,rlawrence53@smugmug.com
185,185,2014-05-29 0:00:00,(419)053-4085,7 Morrow Drive,Pittsburgh,PA,15235,mmatthews54@example.com
186,186,2014-05-11 0:00:00,(843)628-0561,77230 Continental Hill,Rochester,NY,14624,wwatson55@harvard.edu
187,187,2014-05-16 0:00:00,(823)356-7009,2199 Elgar Pass,Houston,TX,77201,dkelly56@webeden.co.uk
188,188,2014-04-18 0:00:00,(456)701-5100,17622 Charing Cross Trail,Milwaukee,WI,53277,lpalmer57@cdc.gov
189,189,2014-01-12 0:00:00,(209)693-0458,4996 Burrows Crossing,Louisville,KY,40256,jromero58@mac.com
190,190,2014-02-08 0:00:00,(905)365-2454,5949 Oak Valley Point,Kansas City,KS,66112,whunter59@bluehost.com
191,191,2014-02-23 0:00:00,(751)572-3493,2 Kensington Court,Washington,DC,20036,halvarez5a@liveinternet.ru
192,192,2014-02-07 0:00:00,(995)155-3292,71 Blaine Court,Alexandria,VA,22313,cbrown5b@chronoengine.com
193,193,2014-04-03 0:00:00,(586)940-4470,15 Division Parkway,Mesa,AZ,85210,tgutierrez5c@wix.com
194,194,2014-01-13 0:00:00,(988)876-9592,6016 Mariners Cove Place,Lexington,KY,40524,rhunt5d@sfgate.com
195,195,2014-05-31 0:00:00,(776)599-5399,85 Green Ridge Parkway,Lubbock,TX,79491,jmartin5e@opensource.org
196,196,2014-04-08 0:00:00,(133)672-3548,641 Summit Place,Arlington,VA,22217,flarson5f@hostgator.com
197,197,2014-03-29 0:00:00,(073)387-7445,20 Everett Plaza,Knoxville,TN,37939,rmorales5g@dell.com
198,198,2014-03-11 0:00:00,(571)923-0113,3 Fieldstone Circle,Beaumont,TX,77713,lphillips5h@digg.com
199,199,2014-02-11 0:00:00,(419)382-7753,003 Iowa Drive,Los Angeles,CA,90101,palexander5i@washington.edu
200,200,2014-04-08 0:00:00,(579)894-0446,04036 Parkside Circle,Spokane,WA,99252,jburke5j@parallels.com
201,201,2014-05-29 0:00:00,(761)307-9144,74 Helena Terrace,Des Moines,IA,50936,wmartinez5k@stumbleupon.com
202,202,2014-05-11 0:00:00,(175)610-5018,7 Messerschmidt Pass,Burbank,CA,91520,jlong5l@bing.com
203,203,2014-05-16 0:00:00,(940)042-5812,6806 Union Point,Suffolk,VA,23436,cgarcia5m@technorati.com
204,204,2014-04-18 0:00:00,(796)993-4265,17945 Oxford Junction,Naples,FL,34102,dromero5n@blogtalkradio.com
205,205,2014-01-12 0:00:00,(152)617-8703,72177 Talmadge Parkway,Bozeman,MT,59771,bday5o@salon.com
206,206,2014-02-08 0:00:00,(804)869-2645,635 Mallard Court,Philadelphia,PA,19172,rgreen5p@usda.gov
207,207,2014-02-23 0:00:00,(419)053-4085,383 Butterfield Road,Jamaica,NY,11436,tadams5q@whitehouse.gov
208,208,2014-02-07 0:00:00,(843)628-0561,6 Norway Maple Court,Phoenix,AZ,85020,ljackson5r@huffingtonpost.com
209,209,2014-04-03 0:00:00,(823)356-7009,39 Kenwood Trail,Omaha,NE,68117,syoung5s@army.mil
210,210,2014-01-13 0:00:00,(456)701-5100,8128 Karstens Place,New Orleans,LA,70174,jhenderson5t@oakley.com
211,211,2014-05-31 0:00:00,(209)693-0458,55548 Debra Drive,Hollywood,FL,33028,ayoung5u@engadget.com
212,212,2014-04-08 0:00:00,(905)365-2454,838 Coleman Parkway,Saginaw,MI,48609,tortiz5v@businessinsider.com
213,213,2014-03-29 0:00:00,(751)572-3493,42 Saint Paul Street,Boston,MA,2203,pknight5w@youtube.com
214,214,2014-03-11 0:00:00,(995)155-3292,82489 Hovde Circle,Springfield,MO,65810,jarnold5x@sciencedaily.com
215,215,2014-02-11 0:00:00,(586)940-4470,4590 Riverside Court,Dallas,TX,75277,cnelson5y@youtu.be
216,216,2014-04-08 0:00:00,(988)876-9592,4 Mendota Avenue,Mc Keesport,PA,15134,jward5z@ocn.ne.jp
217,217,2014-05-29 0:00:00,(776)599-5399,5 Meadow Ridge Terrace,Charlotte,NC,28220,mjohnson60@vimeo.com
218,218,2014-05-11 0:00:00,(133)672-3548,46 Prentice Court,Amarillo,TX,79176,rolson61@google.es
219,219,2014-05-16 0:00:00,(073)387-7445,134 Schmedeman Court,Houston,TX,77218,hevans62@thetimes.co.uk
220,220,2014-04-18 0:00:00,(571)923-0113,8371 Springs Street,Jersey City,NJ,7310,lkelley63@shinystat.com
221,221,2014-01-12 0:00:00,(419)382-7753,9225 3rd Crossing,Washington,DC,20310,aknight64@ezinearticles.com
222,222,2014-02-08 0:00:00,(579)894-0446,74 Erie Pass,Syracuse,NY,13251,rreyes65@opensource.org
223,223,2014-02-23 0:00:00,(761)307-9144,3815 Randy Way,Raleigh,NC,27621,rwarren66@quantcast.com
224,224,2014-02-07 0:00:00,(175)610-5018,1 Hallows Court,Washington,DC,20205,lcarter67@theglobeandmail.com
225,225,2014-04-03 0:00:00,(940)042-5812,70 Maple Wood Way,Temple,TX,76505,bsmith68@unesco.org
226,226,2014-01-13 0:00:00,(796)993-4265,0085 Sachs Trail,New Hyde Park,NY,11044,jwelch69@virginia.edu
227,227,2014-05-31 0:00:00,(152)617-8703,5714 Division Avenue,North Port,FL,34290,rwatson6a@quantcast.com
228,228,2014-04-08 0:00:00,(804)869-2645,0446 Anderson Avenue,Boise,ID,83716,rgibson6b@51.la
229,229,2014-03-29 0:00:00,(419)053-4085,51267 Macpherson Place,Tacoma,WA,98424,swilliamson6c@spotify.com
230,230,2014-03-11 0:00:00,(843)628-0561,175 Rigney Lane,Elmira,NY,14905,bmorgan6d@bloglovin.com
231,231,2014-02-11 0:00:00,(823)356-7009,36 Melby Way,New York City,NY,10120,bgonzalez6e@lulu.com
232,232,2014-04-08 0:00:00,(456)701-5100,597 Raven Road,Savannah,GA,31416,sgarrett6f@123-reg.co.uk
233,233,2014-05-29 0:00:00,(209)693-0458,46 Fuller Alley,South Bend,IN,46614,arussell6g@scientificamerican.com
234,234,2014-05-11 0:00:00,(905)365-2454,0 Bashford Circle,San Jose,CA,95123,nlynch6h@ocn.ne.jp
235,235,2014-05-16 0:00:00,(751)572-3493,8 Harbort Plaza,Springfield,IL,62794,jgraham6i@canalblog.com
236,236,2014-04-18 0:00:00,(995)155-3292,5582 Autumn Leaf Hill,El Paso,TX,79994,chowell6j@prweb.com
237,237,2014-01-12 0:00:00,(586)940-4470,0 Tennyson Trail,Nashville,TN,37205,ksnyder6k@weibo.com
238,238,2014-02-08 0:00:00,(988)876-9592,6 Bultman Center,New York City,NY,10150,krichards6l@infoseek.co.jp
239,239,2014-02-23 0:00:00,(776)599-5399,98791 Carioca Alley,Athens,GA,30605,pwells6m@godaddy.com
240,240,2014-02-07 0:00:00,(133)672-3548,93319 Autumn Leaf Crossing,New Orleans,LA,70116,jsnyder6n@usatoday.com
241,241,2014-04-03 0:00:00,(073)387-7445,25562 Badeau Center,Oklahoma City,OK,73142,rpeters6o@surveymonkey.com
242,242,2014-01-13 0:00:00,(571)923-0113,89992 Declaration Point,Houston,TX,77299,rlewis6p@amazon.de
243,243,2014-05-31 0:00:00,(419)382-7753,3992 Monument Junction,Syracuse,NY,13205,jreid6q@wikimedia.org
244,244,2014-04-08 0:00:00,(579)894-0446,0133 Meadow Ridge Place,Las Vegas,NV,89178,lwashington6r@youtube.com
245,245,2014-03-29 0:00:00,(761)307-9144,2946 Stephen Lane,Schenectady,NY,12325,jdean6s@netscape.com
246,246,2014-03-11 0:00:00,(175)610-5018,69 Eliot Point,Humble,TX,77346,sbowman6t@list-manage.com
247,247,2014-02-11 0:00:00,(940)042-5812,9888 Sachtjen Place,Pocatello,ID,83206,acooper6u@cnbc.com
248,248,2014-04-08 0:00:00,(796)993-4265,666 Melby Alley,Bakersfield,CA,93305,jbryant6v@aboutads.info
249,249,2014-05-29 0:00:00,(152)617-8703,1 John Wall Point,Winston Salem,NC,27105,scole6w@slideshare.net
250,250,2014-05-11 0:00:00,(804)869-2645,9 Cardinal Center,Kansas City,MO,64160,jpowell6x@wordpress.com
251,251,2014-05-16 0:00:00,(419)053-4085,38648 Lakewood Gardens Road,Alexandria,VA,22333,wlee6y@tmall.com
252,252,2014-04-18 0:00:00,(843)628-0561,2219 Bobwhite Avenue,Laurel,MD,20709,jlittle6z@google.cn
253,253,2014-01-12 0:00:00,(823)356-7009,591 Lerdahl Plaza,Harrisburg,PA,17110,cbell70@reuters.com
254,254,2014-02-08 0:00:00,(456)701-5100,766 Lakeland Terrace,Humble,TX,77346,shall71@twitpic.com
255,255,2014-02-23 0:00:00,(209)693-0458,3323 Algoma Drive,Palm Bay,FL,32909,kcollins72@scribd.com
256,256,2014-02-07 0:00:00,(905)365-2454,35 Meadow Vale Point,Washington,DC,20520,bhenderson73@wikispaces.com
257,257,2014-04-03 0:00:00,(751)572-3493,864 Goodland Trail,Oklahoma City,OK,73109,jcox74@bbb.org
258,258,2014-01-13 0:00:00,(995)155-3292,43524 Darwin Way,Sacramento,CA,94250,greyes75@goo.ne.jp
259,259,2014-05-31 0:00:00,(586)940-4470,06667 Nancy Alley,El Paso,TX,79923,jlarson76@is.gd
260,260,2014-04-08 0:00:00,(988)876-9592,2 Mosinee Road,Tacoma,WA,98481,hfisher77@paypal.com
261,261,2014-03-29 0:00:00,(776)599-5399,94911 Dexter Point,Midland,TX,79710,pstephens78@google.co.jp
262,262,2014-03-11 0:00:00,(133)672-3548,51689 Waywood Avenue,Gatesville,TX,76598,lsanders79@scribd.com
263,263,2014-02-11 0:00:00,(073)387-7445,4 Hallows Trail,Salt Lake City,UT,84125,acollins7a@myspace.com
264,264,2014-04-08 0:00:00,(571)923-0113,81161 Rusk Point,Melbourne,FL,32919,bmatthews7b@cnet.com
265,265,2014-05-29 0:00:00,(419)382-7753,72095 Everett Circle,Washington,DC,20073,fhudson7c@tuttocitta.it
266,266,2014-05-11 0:00:00,(579)894-0446,3 Roth Street,Lancaster,PA,17622,jjordan7d@indiegogo.com
267,267,2014-05-16 0:00:00,(761)307-9144,04 Hanson Road,Missoula,MT,59806,aortiz7e@mashable.com
268,268,2014-04-18 0:00:00,(175)610-5018,4455 Hintze Place,Irving,TX,75037,lhunter7f@webmd.com
269,269,2014-01-12 0:00:00,(940)042-5812,7999 Dwight Center,Detroit,MI,48295,ccooper7g@merriam-webster.com
270,270,2014-02-08 0:00:00,(796)993-4265,01 Ridge Oak Pass,Oakland,CA,94611,gcox7h@cargocollective.com
271,271,2014-02-23 0:00:00,(152)617-8703,7 East Court,Austin,TX,78789,rknight7i@psu.edu
272,272,2014-02-07 0:00:00,(804)869-2645,653 Nova Center,Erie,PA,16505,jrivera7j@go.com
273,273,2014-04-03 0:00:00,(419)053-4085,176 Northridge Junction,Rockford,IL,61110,ckennedy7k@oaic.gov.au
274,274,2014-01-13 0:00:00,(843)628-0561,6819 Everett Plaza,Pittsburgh,PA,15266,dsims7l@dailymotion.com
275,275,2014-05-31 0:00:00,(823)356-7009,74214 School Trail,Tyler,TX,75705,breed7m@imdb.com
276,276,2014-04-08 0:00:00,(456)701-5100,86507 Manufacturers Place,Denver,CO,80241,bhall7n@thetimes.co.uk
277,277,2014-03-29 0:00:00,(209)693-0458,16 Eagle Crest Pass,Philadelphia,PA,19196,slawson7o@quantcast.com
278,278,2014-03-11 0:00:00,(905)365-2454,372 Heath Park,Shreveport,LA,71166,mrobertson7p@china.com.cn
279,279,2014-02-11 0:00:00,(751)572-3493,7559 Northport Place,Baltimore,MD,21281,jrobinson7q@techcrunch.com
280,280,2014-04-08 0:00:00,(995)155-3292,8716 2nd Crossing,Mountain View,CA,94042,rfox7r@github.com
281,281,2014-05-29 0:00:00,(586)940-4470,94839 Holmberg Pass,Jackson,TN,38308,cstone7s@eventbrite.com
282,282,2014-05-11 0:00:00,(988)876-9592,17 Loftsgordon Hill,Fort Wayne,IN,46814,swarren7t@washingtonpost.com
283,283,2014-05-16 0:00:00,(776)599-5399,47 Anzinger Crossing,Huntington,WV,25770,cthompson7u@skyrock.com
284,284,2014-04-18 0:00:00,(133)672-3548,813 Saint Paul Avenue,Knoxville,TN,37995,sfox7v@amazonaws.com
285,285,2014-01-12 0:00:00,(073)387-7445,74 Dexter Terrace,Falls Church,VA,22047,jwilliams7w@phpbb.com
286,286,2014-02-08 0:00:00,(571)923-0113,024 Packers Center,Las Vegas,NV,89150,jgutierrez7x@squarespace.com
287,287,2014-02-23 0:00:00,(419)382-7753,0 Melrose Parkway,El Paso,TX,79989,alee7y@time.com
288,288,2014-02-07 0:00:00,(579)894-0446,105 Sullivan Parkway,New Orleans,LA,70160,hfrazier7z@hexun.com
289,289,2014-04-03 0:00:00,(761)307-9144,5 4th Pass,Savannah,GA,31405,shill80@chicagotribune.com
290,290,2014-01-13 0:00:00,(175)610-5018,2659 Westerfield Plaza,Dayton,OH,45432,cmontgomery81@nhs.uk
291,291,2014-05-31 0:00:00,(940)042-5812,54759 Golden Leaf Point,Indianapolis,IN,46221,wcruz82@infoseek.co.jp
292,292,2014-04-08 0:00:00,(796)993-4265,1362 Pennsylvania Junction,Young America,MN,55557,ejohnson83@nsw.gov.au
293,293,2014-03-29 0:00:00,(152)617-8703,1125 Ludington Court,Oceanside,CA,92056,dhill84@wp.com
294,294,2014-03-11 0:00:00,(804)869-2645,31 Fieldstone Crossing,Oxnard,CA,93034,jbradley85@mapy.cz
295,295,2014-02-11 0:00:00,(419)053-4085,2098 Park Meadow Plaza,Arlington,TX,76011,klane86@wisc.edu
296,296,2014-04-08 0:00:00,(843)628-0561,380 Caliangt Road,Saint Louis,MO,63180,hhoward87@sfgate.com
297,297,2014-05-29 0:00:00,(823)356-7009,1967 Bonner Parkway,Hollywood,FL,33023,spowell88@furl.net
298,298,2014-05-11 0:00:00,(456)701-5100,62 Prairie Rose Street,Washington,DC,20404,njenkins89@adobe.com
299,299,2014-05-16 0:00:00,(209)693-0458,64931 Pleasure Hill,San Diego,CA,92110,lfox8a@nsw.gov.au
300,300,2014-04-18 0:00:00,(905)365-2454,1754 Oriole Hill,Charleston,WV,25331,doliver8b@t-online.de
301,301,2014-01-12 0:00:00,(751)572-3493,50211 Darwin Parkway,Austin,TX,78715,ssimmons8c@google.com.br
302,302,2014-02-08 0:00:00,(995)155-3292,8 Mayer Terrace,Los Angeles,CA,90035,ksims8d@lulu.com
303,303,2014-02-23 0:00:00,(586)940-4470,1454 Nobel Park,Minneapolis,MN,55458,nmiller8e@macromedia.com
304,304,2014-02-07 0:00:00,(988)876-9592,55955 Melvin Park,San Francisco,CA,94177,tallen8f@diigo.com
305,305,2014-04-03 0:00:00,(776)599-5399,1012 Clarendon Trail,San Antonio,TX,78225,abryant8g@printfriendly.com
306,306,2014-01-13 0:00:00,(133)672-3548,220 Leroy Terrace,Salt Lake City,UT,84135,kgonzales8h@about.com
307,307,2014-05-31 0:00:00,(073)387-7445,61 Gulseth Drive,Dallas,TX,75353,cgraham8i@toplist.cz
308,308,2014-04-08 0:00:00,(571)923-0113,69 Autumn Leaf Alley,Fort Myers,FL,33994,jbutler8j@friendfeed.com
309,309,2014-03-29 0:00:00,(419)382-7753,89856 Ridgeview Plaza,Washington,DC,20530,kramirez8k@smugmug.com
310,310,2014-03-11 0:00:00,(579)894-0446,714 Muir Drive,Memphis,TN,38188,rbowman8l@soup.io
311,311,2014-02-11 0:00:00,(761)307-9144,65923 Londonderry Lane,Nashville,TN,37235,awhite8m@friendfeed.com
312,312,2014-04-08 0:00:00,(175)610-5018,29612 Tomscot Center,Chattanooga,TN,37405,fwilliams8n@nbcnews.com
313,313,2014-05-29 0:00:00,(940)042-5812,56 8th Pass,El Paso,TX,88589,rwillis8o@edublogs.org
314,314,2014-05-11 0:00:00,(796)993-4265,8 Dorton Trail,Virginia Beach,VA,23454,bgray8p@sogou.com
315,315,2014-05-16 0:00:00,(152)617-8703,9958 Northfield Avenue,Fort Wayne,IN,46857,rsmith8q@nymag.com
316,316,2014-04-18 0:00:00,(804)869-2645,0175 Shasta Lane,Fort Lauderdale,FL,33305,mscott8r@cafepress.com
317,317,2014-01-12 0:00:00,(419)053-4085,24 Carpenter Avenue,Monticello,MN,55585,wduncan8s@google.de
318,318,2014-02-08 0:00:00,(843)628-0561,263 Crownhardt Alley,Bloomington,IN,47405,djenkins8t@sitemeter.com
319,319,2014-02-23 0:00:00,(823)356-7009,41941 Morning Junction,Dayton,OH,45454,eblack8u@is.gd
320,320,2014-02-07 0:00:00,(456)701-5100,672 Golf View Avenue,Richmond,VA,23272,cdean8v@huffingtonpost.com
321,321,2014-04-03 0:00:00,(209)693-0458,09 Armistice Point,Tucson,AZ,85754,lmendoza8w@gravatar.com
322,322,2014-01-13 0:00:00,(905)365-2454,60 Mockingbird Parkway,Birmingham,AL,35225,agreen8x@thetimes.co.uk
323,323,2014-05-31 0:00:00,(751)572-3493,59028 Rockefeller Trail,Berkeley,CA,94705,rreed8y@weibo.com
324,324,2014-04-08 0:00:00,(995)155-3292,29534 Eagle Crest Trail,Littleton,CO,80161,gcole8z@booking.com
325,325,2014-03-29 0:00:00,(586)940-4470,2106 Debs Place,Homestead,FL,33034,cbennett90@msu.edu
326,326,2014-03-11 0:00:00,(988)876-9592,6 Stuart Street,Washington,DC,20414,jdiaz91@engadget.com
327,327,2014-02-11 0:00:00,(776)599-5399,7908 Fisk Parkway,Springfield,MO,65805,vwhite92@addthis.com
328,328,2014-04-08 0:00:00,(133)672-3548,58 Lillian Trail,Jersey City,NJ,7305,jturner93@facebook.com
329,329,2014-05-29 0:00:00,(073)387-7445,72 Kingsford Lane,Irvine,CA,92619,dwatson94@nps.gov
330,330,2014-05-11 0:00:00,(571)923-0113,8 Carberry Alley,Denver,CO,80262,amontgomery95@sourceforge.net
331,331,2014-05-16 0:00:00,(419)382-7753,5 Elgar Avenue,Peoria,IL,61605,malexander96@qq.com
332,332,2014-04-18 0:00:00,(579)894-0446,49612 Melby Alley,Akron,OH,44310,kmarshall97@free.fr
333,333,2014-01-12 0:00:00,(761)307-9144,76160 Gulseth Pass,Orlando,FL,32859,wporter98@fda.gov
334,334,2014-02-08 0:00:00,(175)610-5018,090 Buell Avenue,Ocala,FL,34479,phawkins99@europa.eu
335,335,2014-02-23 0:00:00,(940)042-5812,533 Petterle Trail,Houston,TX,77035,bphillips9a@tumblr.com
336,336,2014-02-07 0:00:00,(796)993-4265,2760 Duke Drive,Boca Raton,FL,33499,dcole9b@ocn.ne.jp
337,337,2014-04-03 0:00:00,(152)617-8703,84 Sauthoff Center,Baton Rouge,LA,70820,sgeorge9c@examiner.com
338,338,2014-01-13 0:00:00,(804)869-2645,4 Doe Crossing Pass,Falls Church,VA,22047,bpalmer9d@msn.com
339,339,2014-05-31 0:00:00,(419)053-4085,91 Sycamore Road,Canton,OH,44710,aking9e@walmart.com
340,340,2014-04-08 0:00:00,(843)628-0561,2 Moose Trail,Mobile,AL,36605,hsanders9f@cargocollective.com
341,341,2014-03-29 0:00:00,(823)356-7009,21 Judy Crossing,Los Angeles,CA,90094,mjohnston9g@example.com
342,342,2014-03-11 0:00:00,(456)701-5100,09925 Talisman Parkway,Hampton,VA,23663,hmendoza9h@boston.com
343,343,2014-02-11 0:00:00,(209)693-0458,7 Village Court,San Antonio,TX,78215,fryan9i@mashable.com
344,344,2014-04-08 0:00:00,(905)365-2454,4 Del Sol Road,Washington,DC,20067,acruz9j@domainmarket.com
345,345,2014-05-29 0:00:00,(751)572-3493,910 Quincy Parkway,San Antonio,TX,78250,janderson9k@typepad.com
346,346,2014-05-11 0:00:00,(995)155-3292,9587 Hauk Circle,Largo,FL,33777,cfuller9l@prlog.org
347,347,2014-05-16 0:00:00,(586)940-4470,650 Oxford Point,Daytona Beach,FL,32128,marmstrong9m@blinklist.com
348,348,2014-04-18 0:00:00,(988)876-9592,680 Kings Point,Gilbert,AZ,85297,hsanders9n@tripod.com
349,349,2014-01-12 0:00:00,(776)599-5399,1425 David Plaza,Virginia Beach,VA,23471,dking9o@abc.net.au
350,350,2014-02-08 0:00:00,(133)672-3548,79 Lindbergh Plaza,Evansville,IN,47747,dmorris9p@washington.edu
351,351,2014-02-23 0:00:00,(073)387-7445,71626 Warbler Place,Albuquerque,NM,87110,cmurray9q@smh.com.au
352,352,2014-02-07 0:00:00,(571)923-0113,7414 Ramsey Pass,New York City,NY,10125,broberts9r@quantcast.com
353,353,2014-04-03 0:00:00,(419)382-7753,7409 Mcguire Circle,Charlotte,NC,28242,drobinson9s@cyberchimps.com
354,354,2014-01-13 0:00:00,(579)894-0446,6577 Dwight Point,Fresno,CA,93740,ehoward9t@privacy.gov.au
355,355,2014-05-31 0:00:00,(761)307-9144,1242 Melody Court,Miami,FL,33111,gstone9u@whitehouse.gov
356,356,2014-04-08 0:00:00,(175)610-5018,9698 Sunbrook Way,Newark,NJ,7112,acrawford9v@scientificamerican.com
357,357,2014-03-29 0:00:00,(940)042-5812,06 Northridge Plaza,New York City,NY,10110,pfranklin9w@usgs.gov
358,358,2014-03-11 0:00:00,(796)993-4265,509 Elgar Road,Albuquerque,NM,87201,wfowler9x@parallels.com
359,359,2014-02-11 0:00:00,(152)617-8703,4290 Rowland Court,Lincoln,NE,68517,gward9y@csmonitor.com
360,360,2014-04-08 0:00:00,(804)869-2645,6 Daystar Place,Jamaica,NY,11431,kpierce9z@51.la
361,361,2014-05-29 0:00:00,(419)053-4085,61009 Katie Crossing,Albuquerque,NM,87115,tharta0@so-net.ne.jp
362,362,2014-05-11 0:00:00,(843)628-0561,970 Arapahoe Way,Birmingham,AL,35263,wlawrencea1@blogs.com
363,363,2014-05-16 0:00:00,(823)356-7009,979 Tomscot Drive,Lexington,KY,40581,showella2@ucsd.edu
364,364,2014-04-18 0:00:00,(456)701-5100,049 Golden Leaf Way,Albuquerque,NM,87195,jstonea3@yahoo.com
365,365,2014-01-12 0:00:00,(209)693-0458,9 West Avenue,Denver,CO,80279,bchapmana4@gnu.org
366,366,2014-02-08 0:00:00,(905)365-2454,2 Fair Oaks Alley,Tulsa,OK,74133,jmarshalla5@blogtalkradio.com
367,367,2014-02-23 0:00:00,(751)572-3493,2344 Lunder Drive,Washington,DC,20238,cknighta6@sphinn.com
368,368,2014-02-07 0:00:00,(995)155-3292,3331 Corry Court,Memphis,TN,38126,lbutlera7@topsy.com
369,369,2014-04-03 0:00:00,(586)940-4470,08 South Avenue,Abilene,TX,79699,frichardsa8@washington.edu
370,370,2014-01-13 0:00:00,(988)876-9592,88813 Bay Parkway,Las Vegas,NV,89125,jwalkera9@delicious.com
371,371,2014-05-31 0:00:00,(776)599-5399,57241 Warrior Crossing,Jamaica,NY,11480,jbradleyaa@e-recht24.de
372,372,2014-04-08 0:00:00,(133)672-3548,51249 Warner Point,Denver,CO,80243,eduncanab@huffingtonpost.com
373,373,2014-03-29 0:00:00,(073)387-7445,54 Bartillon Place,Midland,TX,79705,dramosac@businessinsider.com
374,374,2014-03-11 0:00:00,(571)923-0113,89 Kropf Avenue,Orlando,FL,32808,awilliamsad@ning.com
375,375,2014-02-11 0:00:00,(419)382-7753,60465 Barnett Circle,Kansas City,MO,64193,dcrawfordae@eepurl.com
376,376,2014-04-08 0:00:00,(579)894-0446,184 Brown Plaza,Evansville,IN,47747,ecrawfordaf@wufoo.com
377,377,2014-05-29 0:00:00,(761)307-9144,72 Dapin Terrace,Albany,NY,12232,mtuckerag@acquirethisname.com
378,378,2014-05-11 0:00:00,(175)610-5018,434 Trailsway Junction,Sarasota,FL,34233,brobertsah@mit.edu
379,379,2014-05-16 0:00:00,(940)042-5812,2848 Fair Oaks Park,Lafayette,LA,70505,kortizai@indiatimes.com
380,380,2014-04-18 0:00:00,(796)993-4265,8381 Anthes Circle,Evansville,IN,47719,llawsonaj@timesonline.co.uk
381,381,2014-01-12 0:00:00,(152)617-8703,6595 Farragut Pass,Albuquerque,NM,87121,pstevensak@census.gov
382,382,2014-02-08 0:00:00,(804)869-2645,1 Summer Ridge Drive,Las Vegas,NV,89130,echapmanal@homestead.com
383,383,2014-02-23 0:00:00,(419)053-4085,73598 4th Center,Eugene,OR,97405,mbowmanam@exblog.jp
384,384,2014-02-07 0:00:00,(843)628-0561,71561 Sunfield Place,Trenton,NJ,8608,dpetersonan@amazon.com
385,385,2014-04-03 0:00:00,(823)356-7009,8799 Monica Pass,Philadelphia,PA,19146,tcoleao@ed.gov
386,386,2014-01-13 0:00:00,(456)701-5100,74894 Petterle Plaza,San Francisco,CA,94154,tberryap@naver.com
387,387,2014-05-31 0:00:00,(209)693-0458,8 Macpherson Street,Irving,TX,75062,hhallaq@mit.edu
388,388,2014-04-08 0:00:00,(905)365-2454,09 Welch Parkway,Peoria,IL,61614,swashingtonar@is.gd
389,389,2014-03-29 0:00:00,(751)572-3493,9 Little Fleur Junction,Saint Augustine,FL,32092,lkennedyas@tumblr.com
390,390,2014-03-11 0:00:00,(995)155-3292,41 Westerfield Junction,Indianapolis,IN,46216,pmeyerat@fotki.com
391,391,2014-02-11 0:00:00,(586)940-4470,1 Meadow Ridge Park,Washington,DC,20238,tnguyenau@oaic.gov.au
392,392,2014-04-08 0:00:00,(988)876-9592,15 Mcbride Parkway,Houston,TX,77266,agrayav@cyberchimps.com
393,393,2014-05-29 0:00:00,(776)599-5399,1176 International Street,Washington,DC,20046,epriceaw@telegraph.co.uk
394,394,2014-05-11 0:00:00,(133)672-3548,59869 Kings Center,Houston,TX,77075,igibsonax@columbia.edu
395,395,2014-05-16 0:00:00,(073)387-7445,1136 Hauk Crossing,Lexington,KY,40576,mwrightay@nhs.uk
396,396,2014-04-18 0:00:00,(571)923-0113,169 Coolidge Pass,Gainesville,FL,32627,hbutleraz@spiegel.de
397,397,2014-01-12 0:00:00,(419)382-7753,2717 Dawn Avenue,Chicago,IL,60624,bwilliamsb0@sun.com
398,398,2014-02-08 0:00:00,(579)894-0446,48296 Rockefeller Road,Oklahoma City,OK,73109,wbarnesb1@nasa.gov
399,399,2014-02-23 0:00:00,(761)307-9144,1208 International Park,Harrisburg,PA,17105,apalmerb2@huffingtonpost.com
400,400,2014-02-07 0:00:00,(175)610-5018,069 Arkansas Place,Atlanta,GA,30328,cweaverb3@goo.ne.jp
401,401,2014-04-03 0:00:00,(940)042-5812,31561 Gina Place,Amarillo,TX,79116,dlopezb4@tumblr.com
402,402,2014-01-13 0:00:00,(796)993-4265,00380 Colorado Point,Philadelphia,PA,19131,sfieldsb5@bbb.org
403,403,2014-05-31 0:00:00,(152)617-8703,50776 Darwin Street,Terre Haute,IN,47812,maustinb6@vinaora.com
404,404,2014-04-08 0:00:00,(804)869-2645,81015 Nelson Drive,Ridgely,MD,21684,tcarrollb7@phpbb.com
405,405,2014-03-29 0:00:00,(419)053-4085,548 Mayfield Park,Wichita,KS,67230,rgreeneb8@lycos.com
406,406,2014-03-11 0:00:00,(843)628-0561,8 Spohn Junction,Huntington,WV,25770,kriceb9@github.com
407,407,2014-02-11 0:00:00,(823)356-7009,5 Forster Pass,Chicago,IL,60630,mfernandezba@telegraph.co.uk
408,408,2014-04-08 0:00:00,(456)701-5100,4360 Merrick Crossing,Oklahoma City,OK,73119,ereyesbb@cbc.ca
409,409,2014-05-29 0:00:00,(209)693-0458,782 Pearson Circle,Stockton,CA,95298,mduncanbc@webs.com
410,410,2014-05-11 0:00:00,(905)365-2454,6 Trailsway Trail,Tulsa,OK,74156,thenrybd@wp.com
411,411,2014-05-16 0:00:00,(751)572-3493,7 Brentwood Parkway,Cincinnati,OH,45296,mburtonbe@goo.gl
412,412,2014-04-18 0:00:00,(995)155-3292,03235 Mandrake Plaza,Pasadena,CA,91131,mfernandezbf@ftc.gov
413,413,2014-01-12 0:00:00,(586)940-4470,99 Talmadge Court,Pittsburgh,PA,15274,vblackbg@meetup.com
414,414,2014-02-08 0:00:00,(988)876-9592,779 Ryan Pass,Warren,OH,44485,bwelchbh@va.gov
415,415,2014-02-23 0:00:00,(776)599-5399,1 Grim Court,Springfield,IL,62711,kmyersbi@gizmodo.com
416,416,2014-02-07 0:00:00,(133)672-3548,7619 8th Alley,Dallas,TX,75216,akennedybj@netlog.com
417,417,2014-04-03 0:00:00,(073)387-7445,41193 Derek Court,Milwaukee,WI,53285,hperezbk@live.com
418,418,2014-01-13 0:00:00,(571)923-0113,37 Messerschmidt Hill,West Palm Beach,FL,33421,jcolemanbl@exblog.jp
419,419,2014-05-31 0:00:00,(419)382-7753,6 Butternut Road,Fresno,CA,93762,rnelsonbm@lycos.com
420,420,2014-04-08 0:00:00,(579)894-0446,34 Elka Lane,Portsmouth,NH,214,sshawbn@smh.com.au
421,421,2014-03-29 0:00:00,(761)307-9144,7441 Superior Alley,Hicksville,NY,11854,npetersonbo@eepurl.com
422,422,2014-03-11 0:00:00,(175)610-5018,347 Dawn Avenue,Young America,MN,55557,mriverabp@google.ca
423,423,2014-02-11 0:00:00,(940)042-5812,042 Dapin Park,Salt Lake City,UT,84105,scolebq@photobucket.com
424,424,2014-04-08 0:00:00,(796)993-4265,413 Artisan Parkway,Milwaukee,WI,53285,dhendersonbr@dedecms.com
425,425,2014-05-29 0:00:00,(152)617-8703,6 Algoma Crossing,Carol Stream,IL,60158,wpaynebs@behance.net
426,426,2014-05-11 0:00:00,(804)869-2645,215 Dayton Crossing,Orlando,FL,32830,lwelchbt@umn.edu
427,427,2014-05-16 0:00:00,(419)053-4085,16 Redwing Street,Washington,DC,20380,jharveybu@symantec.com
428,428,2014-04-18 0:00:00,(843)628-0561,7299 Monterey Way,Honolulu,HI,96805,dwagnerbv@opensource.org
429,429,2014-01-12 0:00:00,(823)356-7009,70581 Mallard Point,High Point,NC,27264,rlawrencebw@soup.io
430,430,2014-02-08 0:00:00,(456)701-5100,01 Troy Circle,Phoenix,AZ,85035,aromerobx@whitehouse.gov
431,431,2014-02-23 0:00:00,(209)693-0458,50 Melody Parkway,Greensboro,NC,27415,cpetersonby@merriam-webster.com
432,432,2014-02-07 0:00:00,(905)365-2454,6 Bunting Trail,Pasadena,CA,91125,ghendersonbz@businessinsider.com
433,433,2014-04-03 0:00:00,(751)572-3493,081 Birchwood Lane,Grand Rapids,MI,49518,kkelleyc0@qq.com
434,434,2014-01-13 0:00:00,(995)155-3292,348 5th Lane,Chicago,IL,60686,kjacksonc1@quantcast.com
435,435,2014-05-31 0:00:00,(586)940-4470,80 Hauk Parkway,Amarillo,TX,79182,hwhitec2@theglobeandmail.com
436,436,2014-04-08 0:00:00,(988)876-9592,97568 Division Junction,Springfield,OH,45505,hreedc3@delicious.com
437,437,2014-03-29 0:00:00,(776)599-5399,6 Memorial Center,Flint,MI,48505,cmarshallc4@51.la
438,438,2014-03-11 0:00:00,(133)672-3548,61534 Granby Street,Lexington,KY,40581,hcrawfordc5@china.com.cn
439,439,2014-02-11 0:00:00,(073)387-7445,26335 High Crossing Plaza,New York City,NY,10270,jwilliamsonc6@wired.com
440,440,2014-04-08 0:00:00,(571)923-0113,24 Garrison Hill,Austin,TX,78744,tlewisc7@biglobe.ne.jp
441,441,2014-05-29 0:00:00,(419)382-7753,306 Pawling Point,San Jose,CA,95108,jmartinc8@imageshack.us
442,442,2014-05-11 0:00:00,(579)894-0446,4644 Ohio Junction,Chattanooga,TN,37405,bbishopc9@springer.com
443,443,2014-05-16 0:00:00,(761)307-9144,233 Maple Road,San Francisco,CA,94116,rbellca@digg.com
444,444,2014-04-18 0:00:00,(175)610-5018,58 Sloan Crossing,Amarillo,TX,79176,hbutlercb@liveinternet.ru
445,445,2014-01-12 0:00:00,(940)042-5812,8699 Clarendon Trail,Washington,DC,20525,ralvarezcc@free.fr
446,446,2014-02-08 0:00:00,(796)993-4265,84 Oakridge Road,Newport News,VA,23612,jhuntcd@mit.edu
447,447,2014-02-23 0:00:00,(152)617-8703,34 Holy Cross Park,Cleveland,OH,44185,slopezce@mail.ru
448,448,2014-02-07 0:00:00,(804)869-2645,34479 Vidon Plaza,Philadelphia,PA,19104,rbrookscf@fema.gov
449,449,2014-04-03 0:00:00,(419)053-4085,3709 Graceland Lane,Louisville,KY,40266,mmorenocg@google.pl
450,450,2014-01-13 0:00:00,(843)628-0561,61438 Cordelia Alley,Salt Lake City,UT,84135,ehendersonch@aboutads.info
451,451,2014-05-31 0:00:00,(823)356-7009,2149 Evergreen Lane,Washington,DC,20337,cmasonci@ask.com
452,452,2014-04-08 0:00:00,(456)701-5100,93813 Maple Wood Way,Peoria,IL,61640,bclarkcj@elpais.com
453,453,2014-03-29 0:00:00,(209)693-0458,5 Dawn Plaza,Baltimore,MD,21239,pfisherck@google.es
454,454,2014-03-11 0:00:00,(905)365-2454,9529 Corry Crossing,Austin,TX,78732,rwelchcl@theglobeandmail.com
455,455,2014-02-11 0:00:00,(751)572-3493,6 4th Parkway,Lake Worth,FL,33462,msullivancm@senate.gov
456,456,2014-04-08 0:00:00,(995)155-3292,16173 Trailsway Street,Erie,PA,16565,tsanderscn@google.com.br
457,457,2014-05-29 0:00:00,(586)940-4470,49360 Northfield Park,Sacramento,CA,94237,rhamiltonco@guardian.co.uk
458,458,2014-05-11 0:00:00,(988)876-9592,94751 Loeprich Hill,El Paso,TX,88589,jnelsoncp@cdbaby.com
459,459,2014-05-16 0:00:00,(776)599-5399,43 Parkside Place,Philadelphia,PA,19172,lburtoncq@dell.com
460,460,2014-04-18 0:00:00,(133)672-3548,98 Melby Road,Kansas City,KS,66112,bjacobscr@livejournal.com
461,461,2014-01-12 0:00:00,(073)387-7445,769 Muir Pass,Houston,TX,77266,rdixoncs@ustream.tv
462,462,2014-02-08 0:00:00,(571)923-0113,6 3rd Parkway,Torrance,CA,90505,dmoorect@adobe.com
463,463,2014-02-23 0:00:00,(419)382-7753,9998 Duke Park,New York City,NY,10131,slewiscu@geocities.jp
464,464,2014-02-07 0:00:00,(579)894-0446,4 Dakota Street,Roanoke,VA,24040,aholmescv@sciencedirect.com
465,465,2014-04-03 0:00:00,(761)307-9144,22 Farragut Trail,Greensboro,NC,27415,rmontgomerycw@hubpages.com
466,466,2014-01-13 0:00:00,(175)610-5018,88129 David Alley,Kansas City,MO,64101,swoodcx@shareasale.com
467,467,2014-05-31 0:00:00,(940)042-5812,1889 Bayside Park,Fargo,ND,58106,aburnscy@altervista.org
468,468,2014-04-08 0:00:00,(796)993-4265,6 Rusk Hill,Dallas,TX,75205,jpiercecz@bbb.org
469,469,2014-03-29 0:00:00,(152)617-8703,916 Elka Park,Lansing,MI,48956,hthomasd0@google.com
470,470,2014-03-11 0:00:00,(804)869-2645,94 Oak Drive,San Francisco,CA,94105,jlewisd1@hibu.com
471,471,2014-02-11 0:00:00,(419)053-4085,23 Chinook Center,Canton,OH,44720,lweaverd2@msu.edu
472,472,2014-04-08 0:00:00,(843)628-0561,6070 Dwight Hill,Norcross,GA,30092,cryand3@forbes.com
473,473,2014-05-29 0:00:00,(823)356-7009,77 Forest Run Alley,Philadelphia,PA,19120,eryand4@zimbio.com
474,474,2014-05-11 0:00:00,(456)701-5100,945 Buhler Junction,Norfolk,VA,23520,aandersond5@yandex.ru
475,475,2014-05-16 0:00:00,(209)693-0458,300 Killdeer Alley,Panama City,FL,32412,thansend6@taobao.com
476,476,2014-04-18 0:00:00,(905)365-2454,91 Myrtle Court,Saint Paul,MN,55127,dkelleyd7@delicious.com
477,477,2014-01-12 0:00:00,(751)572-3493,2283 Tennessee Crossing,Huntsville,AL,35815,rwilliamsond8@goo.ne.jp
478,478,2014-02-08 0:00:00,(995)155-3292,1 Moland Center,Pittsburgh,PA,15266,ameyerd9@surveymonkey.com
479,479,2014-02-23 0:00:00,(586)940-4470,9668 Fairfield Crossing,Missoula,MT,59806,awilsonda@cnbc.com
480,480,2014-02-07 0:00:00,(988)876-9592,59752 Bobwhite Park,Fort Wayne,IN,46862,lbryantdb@omniture.com
481,481,2014-04-03 0:00:00,(776)599-5399,49 Debs Road,Pittsburgh,PA,15215,kromerodc@yelp.com
482,482,2014-01-13 0:00:00,(133)672-3548,42670 7th Center,Chicago,IL,60604,shansendd@ebay.co.uk
483,483,2014-05-31 0:00:00,(073)387-7445,79255 International Point,Tampa,FL,33633,jolsonde@slate.com
484,484,2014-04-08 0:00:00,(571)923-0113,9024 Lake View Parkway,Tulsa,OK,74103,lwilliamsdf@bloomberg.com
485,485,2014-03-29 0:00:00,(419)382-7753,88 Fairfield Junction,Jeffersonville,IN,47134,awatkinsdg@cornell.edu
486,486,2014-03-11 0:00:00,(579)894-0446,9 Old Gate Court,Wichita,KS,67210,rcunninghamdh@vimeo.com
487,487,2014-02-11 0:00:00,(761)307-9144,6846 Westport Hill,Evansville,IN,47719,ctorresdi@xrea.com
488,488,2014-04-08 0:00:00,(175)610-5018,32062 Old Gate Way,Shreveport,LA,71166,rlanedj@ca.gov
489,489,2014-05-29 0:00:00,(940)042-5812,072 Duke Avenue,Washington,DC,20535,awarrendk@cloudflare.com
490,490,2014-05-11 0:00:00,(796)993-4265,273 Shasta Street,Sacramento,CA,94245,lscottdl@sciencedirect.com
491,491,2014-05-16 0:00:00,(152)617-8703,22 David Terrace,Richmond,VA,23203,pcooperdm@uiuc.edu
492,492,2014-04-18 0:00:00,(804)869-2645,06 Kingsford Drive,Kansas City,MO,64144,nwatsondn@bing.com
493,493,2014-01-12 0:00:00,(419)053-4085,9 Rieder Way,Portsmouth,NH,214,iromerodo@scientificamerican.com
494,494,2014-02-08 0:00:00,(843)628-0561,685 2nd Street,Littleton,CO,80126,cgarrettdp@prlog.org
495,495,2014-02-23 0:00:00,(823)356-7009,08118 Swallow Terrace,San Antonio,TX,78230,djordandq@networkadvertising.org
496,496,2014-02-07 0:00:00,(456)701-5100,2884 Lakeland Alley,South Bend,IN,46699,pmeyerdr@mapquest.com
497,497,2014-04-03 0:00:00,(209)693-0458,71 Crownhardt Pass,Montgomery,AL,36114,bsimmonsds@instagram.com
498,498,2014-01-13 0:00:00,(905)365-2454,369 Merrick Lane,Gastonia,NC,28055,cwheelerdt@toplist.cz
499,499,2014-05-31 0:00:00,(751)572-3493,61 Gina Hill,Marietta,GA,30061,hharrisdu@columbia.edu
500,500,2014-04-08 0:00:00,(995)155-3292,5 Fieldstone Place,Miami,FL,33153,kwellsdv@gravatar.com